,"(following, count)","(following, birth mean)","(following, birth std)","(following, birth min)","(following, birth max)","(following, death mean)","(following, death std)","(followers, count)","(followers, birth mean)","(followers, birth std)","(followers, birth min)","(followers, birth max)","(followers, death mean)","(followers, death std)"
Muhammad_Mustafa_Jauhar,0,,,,,,,0,,,,,,
Leonardo_Polo,3,1033.66666667,1236.44503854,-384.0,1889.0,1101.33333333,1243.37336843,0,,,,,,
Julian_Savulescu,1,1946.0,,1946.0,1946.0,,,0,,,,,,
Francis_Fukuyama,2,1916.0,19.7989898732,1902.0,1930.0,1980.0,16.9705627485,0,,,,,,
Jacques_Ellul,4,1828.5,30.5559595933,1809.0,1874.0,1887.75,41.8041066563,4,1923.75,4.78713553878,1918.0,1929.0,1993.0,7.87400787401
Moses_Mendelssohn,4,1539.5,272.835115042,1137.0,1743.0,1610.75,276.035474773,3,1798.66666667,87.065109736,1743.0,1899.0,1864.0,94.8736001214
Ivo_Urbančič,1,1889.0,,1889.0,1889.0,1976.0,,0,,,,,,
Jakob_Böhme,1,1493.0,,1493.0,1493.0,1541.0,,3,1812.33333333,53.799008665,1775.0,1874.0,1887.33333333,52.6244556583
Richard_David_Precht,1,1953.0,,1953.0,1953.0,,,0,,,,,,
Emil_Fackenheim,1,1775.0,,1775.0,1775.0,1854.0,,0,,,,,,
Shibli_Nomani,1,1817.0,,1817.0,1817.0,1898.0,,2,1928.0,33.941125497,1904.0,1952.0,1997.0,
Hent_de_Vries,1,1926.0,,1926.0,1926.0,,,0,,,,,,
George_Gurdjieff,0,,,,,,,1,1898.0,,1898.0,1898.0,1974.0,
Friedrich_Wilhelm_Foerster,0,,,,,,,0,,,,,,
Debiprasad_Chattopadhyaya,1,1818.0,,1818.0,1818.0,1883.0,,1,1947.0,,1947.0,1947.0,,
Svetozar_Marković,1,1818.0,,1818.0,1818.0,1883.0,,1,1949.0,,1949.0,1949.0,,
Gerald_Cohen,3,1875.66666667,50.1431284757,1818.0,1909.0,1952.0,60.6712452485,1,1959.0,,1959.0,1959.0,,
Zeno_of_Citium,4,-402.5,88.5531855252,-535.0,-350.0,-330.0,96.6953980291,5,-138.6,167.300029886,-330.0,55.0,-57.4,161.177852077
Peter_G._Ossorio,0,,,,,,,0,,,,,,
Hans_Reichenbach,0,,,,,,,2,1933.5,10.6066017178,1926.0,1941.0,,
Herbert_Blumer,4,1861.0,2.94392028878,1858.0,1864.0,1932.5,14.2009389361,0,,,,,,
Raymond_Geuss,5,1864.4,36.1150937975,1818.0,1903.0,1936.6,42.7118250605,0,,,,,,
Friedrich_Albert_Lange,0,,,,,,,1,1844.0,,1844.0,1844.0,1900.0,
Jacques_Lacan,8,1881.25,29.9129689982,1818.0,1908.0,1957.75,40.3334317197,15,1945.53333333,15.7383365733,1918.0,1973.0,1992.33333333,2.51661147842
Annette_Baier,2,1811.5,142.128463018,1711.0,1912.0,1882.5,150.613744393,0,,,,,,
Joseph_de_Maistre,4,1184.25,1046.68759268,-384.0,1754.0,1257.5,1054.27589684,9,1835.55555556,63.5454780278,1754.0,1911.0,1916.55555556,67.8161321352
Sidney_Hook,4,1857.25,27.5605394238,1818.0,1880.0,1938.0,37.9736750921,2,1922.0,4.24264068712,1919.0,1925.0,2000.0,16.9705627485
Ferdinand_de_Saussure,1,1840.0,,1840.0,1840.0,1916.0,,12,1911.41666667,14.5130557733,1891.0,1935.0,1986.75,18.9214885057
Jaegwon_Kim,1,1905.0,,1905.0,1905.0,1997.0,,0,,,,,,
Seneca_the_Younger,2,-234.5,140.714249456,-334.0,-135.0,-156.5,149.19953083,2,1006.5,744.583440589,480.0,1533.0,1058.0,755.190042307
Friedrich_Nietzsche,20,1094.05,996.776302572,-535.0,1837.0,1152.95,995.175016345,71,1920.70422535,31.5070941518,1847.0,1973.0,1973.11627907,28.3986999219
George_Santayana,3,1125.0,1065.20279759,-99.0,1842.0,1177.33333333,1073.57176441,1,1861.0,,1861.0,1861.0,1947.0,
Rudolf_Sutermeister,1,1772.0,,1772.0,1772.0,1837.0,,0,,,,,,
Socrates,1,-515.0,,-515.0,-515.0,-460.0,,14,939.857142857,1159.42584313,-445.0,1945.0,845.0,1168.54268215
Renzo_Novatore,4,1825.0,33.9607616719,1788.0,1862.0,1885.25,33.1197322856,0,,,,,,
David_Malet_Armstrong,1,1893.0,,1893.0,1893.0,1962.0,,1,1965.0,,1965.0,1965.0,,
Evald_Ilyenkov,1,1818.0,,1818.0,1818.0,1883.0,,0,,,,,,
J._L._Austin,2,1886.5,19.091883092,1873.0,1900.0,1967.0,12.7279220614,8,1929.0,14.0610911993,1907.0,1956.0,1997.0,7.07106781187
Peter_Geach,3,1110.0,1293.873255,-384.0,1866.0,1176.0,1297.30605487,2,1930.0,1.41421356237,1929.0,1931.0,,
Frank_P._Ramsey,1,1872.0,,1872.0,1872.0,1970.0,,2,1931.5,31.8198051534,1909.0,1954.0,1988.0,
Franz_Brentano,2,709.0,1545.73542367,-384.0,1802.0,775.0,1551.39227792,8,1880.375,36.4728372511,1848.0,1959.0,1941.42857143,23.1650393399
Dewi_Zephaniah_Phillips,2,1861.0,67.8822509939,1813.0,1909.0,1899.0,62.2253967444,0,,,,,,
Goran_Švob,1,1848.0,,1848.0,1848.0,1925.0,,0,,,,,,
Peter_Abelard,3,110.0,445.147166676,-384.0,480.0,169.0,439.091106719,1,1287.0,,1287.0,1287.0,1347.0,
Richard_McKeon,3,1119.66666667,1302.27352478,-384.0,1884.0,1202.66666667,1320.46405984,3,1898.66666667,23.1156512634,1872.0,1913.0,1985.0,18.0277563773
Charles_Hartshorne,3,1843.33333333,25.5799400573,1814.0,1861.0,1908.33333333,43.015501082,3,1931.33333333,7.0945988846,1925.0,1939.0,,
Gottlob_Frege,6,1763.5,70.5315532227,1646.0,1824.0,1833.33333333,72.7507159186,13,1927.69230769,32.1594584723,1872.0,1974.0,1990.28571429,23.7045304089
George_Grant_(philosopher),6,1511.5,928.929006975,-384.0,1912.0,1577.33333333,931.062976746,0,,,,,,
Damaris_Cudworth_Masham,12,1227.58333333,795.944088755,-551.0,1660.0,1288.91666667,793.707120054,14,1806.14285714,94.7562517871,1660.0,1928.0,1871.46153846,96.3678848516
Axel_Honneth,7,1909.71428571,19.1373481767,1885.0,1931.0,1976.0,6.204836823,1,1947.0,,1947.0,1947.0,,
Mozi,0,,,,,,,0,,,,,,
Ibn_Arabi,0,,,,,,,2,1913.5,38.8908729653,1886.0,1941.0,1951.0,
Crates_of_Thebes,3,-405.666666667,42.8524600616,-445.0,-360.0,-322.666666667,42.5009803808,2,-342.0,11.313708499,-350.0,-334.0,-271.0,12.7279220614
Muhammad_Sirajuddin_Naqshbandi,0,,,,,,,1,1962.0,,1962.0,1962.0,,
Masahiro_Morioka,3,1878.66666667,30.8274769213,1844.0,1903.0,1956.33333333,49.5210392998,0,,,,,,
Sadat_Husaini,1,1877.0,,1877.0,1877.0,1938.0,,0,,,,,,
Heraclitus,2,-590.0,28.2842712475,-610.0,-570.0,-520.5,36.0624458405,13,1178.0,1041.4749957,-515.0,1924.0,1347.33333333,1028.89140105
Thomas_Hill_Green,1,1817.0,,1817.0,1817.0,1881.0,,4,1857.5,8.34665601703,1846.0,1866.0,1934.75,13.1497781984
George_Hourani,0,,,,,,,0,,,,,,
Abdulhakim_Arvasi,0,,,,,,,1,1904.0,,1904.0,1904.0,1983.0,
Hans_Joas,2,1892.5,41.71930009,1863.0,1922.0,1964.0,46.6690475583,0,,,,,,
Michael_J._Sandel,3,1832.66666667,173.793939288,1632.0,1935.0,1704.0,,1,1964.0,,1964.0,1964.0,,
Emer_de_Vattel,2,1662.5,23.3345237792,1646.0,1679.0,1735.0,26.8700576851,0,,,,,,
Étienne_Bonnot_de_Condillac,2,1672.5,57.2756492761,1632.0,1713.0,1744.0,56.5685424949,3,1731.0,30.347981811,1712.0,1766.0,1791.0,28.7923600978
Clarence_Irving_Lewis,1,1855.0,,1855.0,1855.0,1916.0,,5,1906.0,8.71779788708,1892.0,1916.0,1995.6,5.31977443131
Kuruvilla_Pandikattu,2,1908.5,6.36396103068,1904.0,1913.0,1994.5,14.8492424049,0,,,,,,
Clive_Hamilton,1,1928.0,,1928.0,1928.0,,,0,,,,,,
Avital_Ronell,6,1899.66666667,33.5420134558,1844.0,1937.0,1963.0,42.9301758673,0,,,,,,
Robert_Nozick,3,1781.0,138.206367437,1632.0,1905.0,1858.0,147.074810896,1,1964.0,,1964.0,1964.0,,
Herbert_Spencer,3,1797.33333333,9.01849950565,1788.0,1806.0,1862.0,9.53939201417,5,1852.2,12.2963409192,1838.0,1868.0,1909.6,20.5499391727
Bertrand_Russell,14,1799.85714286,79.8381604756,1646.0,1900.0,1869.71428571,86.7626546491,23,1914.82608696,26.7626812319,1859.0,1965.0,1979.64705882,26.2748481834
Eugène_Minkowski,3,1872.0,12.124355653,1859.0,1883.0,1946.0,20.9523268398,1,1908.0,,1908.0,1908.0,1961.0,
Karl_Marx,17,1393.52941176,800.038758252,-384.0,1828.0,1454.52941176,800.841753848,101,1919.71287129,32.2596765742,1814.0,1973.0,1974.08064516,35.9955818724
Hong_Dae-yong,3,69.0,923.201494799,-551.0,1130.0,144.0,919.443853642,1,1737.0,,1737.0,1737.0,1836.0,
Lon_L._Fuller,0,,,,,,,1,1931.0,,1931.0,1931.0,2013.0,
György_Márkus,1,1818.0,,1818.0,1818.0,1883.0,,1,1929.0,,1929.0,1929.0,,
Pascal_Engel,2,1910.0,9.89949493661,1903.0,1917.0,1966.5,51.6187950266,0,,,,,,
Abul_Hasan_Ali_Hasani_Nadwi,1,1877.0,,1877.0,1877.0,1938.0,,2,1941.5,17.6776695297,1929.0,1954.0,,
John_Wycliffe,1,1287.0,,1287.0,1287.0,1347.0,,2,1379.5,14.8492424049,1369.0,1390.0,1437.5,31.8198051534
Boris_Groys,9,1626.66666667,754.83938689,-384.0,1930.0,1689.11111111,755.680065313,0,,,,,,
Roman_Ingarden,0,,,,,,,1,1923.0,,1923.0,1923.0,2014.0,
Han_Ryner,4,277.0,1039.8349228,-412.0,1806.0,349.5,1024.95349488,1,1959.0,,1959.0,1959.0,,
Mortimer_J._Adler,3,1043.33333333,1242.41109675,-384.0,1882.0,1118.33333333,1254.5956852,1,1937.0,,1937.0,1937.0,,
Robert_C._Solomon,4,1898.0,37.4788829432,1844.0,1930.0,1946.66666667,41.6333199893,0,,,,,,
Abu_Zayd_al-Balkhi,1,801.0,,801.0,801.0,873.0,,1,854.0,,854.0,854.0,932.0,
Peter_Sloterdijk,7,1903.0,32.0936130718,1844.0,1930.0,1972.57142857,34.6884089328,0,,,,,,
Alexander_Nehamas,4,1895.0,37.7447568103,1844.0,1926.0,1960.0,40.1331118488,0,,,,,,
Niccolò_Machiavelli,0,,,,,,,15,1830.86666667,123.349599957,1588.0,1945.0,1873.66666667,126.928994706
R._M._Hare,4,1889.75,34.8556547301,1838.0,1911.0,1956.25,39.3308615043,2,1937.5,12.0208152802,1929.0,1946.0,2003.0,
François_Zourabichvili,2,1778.5,207.182286888,1632.0,1925.0,1836.0,224.859956417,0,,,,,,
Søren_Kierkegaard,6,1032.66666667,1131.25870899,-470.0,1802.0,1102.0,1133.47836327,36,1869.69444444,319.985429976,10.0,1973.0,1982.33333333,17.0567679627
Gaius_Musonius_Rufus,0,,,,,,,1,55.0,,55.0,55.0,135.0,
Marcel_Paquet,4,1822.75,131.512673661,1632.0,1926.0,1884.25,143.258216751,0,,,,,,
Ernest_Nagel,2,1885.5,7.77817459305,1880.0,1891.0,1958.5,16.2634559673,2,1920.5,2.12132034356,1919.0,1922.0,2014.0,
Ivan_Sviták,1,1818.0,,1818.0,1818.0,1883.0,,0,,,,,,
Nahmanides,0,,,,,,,1,1966.0,,1966.0,1966.0,,
Gorgias,2,-502.5,17.6776695297,-515.0,-490.0,-445.0,21.2132034356,1,-445.0,,-445.0,-445.0,-365.0,
Susan_Hurley,1,1917.0,,1917.0,1917.0,2003.0,,0,,,,,,
Martin_Heidegger,22,1329.72727273,906.381459789,-610.0,1883.0,1394.68181818,909.3420639,70,1929.42857143,24.4253203314,1883.0,1980.0,1986.48571429,18.5287875045
Ágnes_Heller,3,1879.0,58.2322934462,1818.0,1934.0,1927.0,62.2253967444,0,,,,,,
Muhammad_Farooq_Khan,3,1660.66666667,463.656482035,1126.0,1952.0,1597.5,564.978318168,0,,,,,,
Ata_ibn_Abi_Rabah,0,,,,,,,0,,,,,,
Charles_Taliaferro,1,1596.0,,1596.0,1596.0,1650.0,,0,,,,,,
Sibawayh,0,,,,,,,1,1120.0,,1120.0,1120.0,1196.0,
René_Guénon,1,1165.0,,1165.0,1165.0,1240.0,,5,1932.6,24.0790365256,1898.0,1962.0,1993.0,26.8700576851
Antony_Flew,2,1822.5,157.684812205,1711.0,1934.0,1776.0,,0,,,,,,
Claudia_Card,4,1870.25,66.7451621218,1788.0,1928.0,1943.0,74.627966161,0,,,,,,
Zygmunt_Bauman,4,1887.25,46.9139282801,1818.0,1922.0,1967.0,56.0238044644,0,,,,,,
William_Stringfellow,1,1912.0,,1912.0,1912.0,1994.0,,0,,,,,,
Lawrence_Sklar,1,1905.0,,1905.0,1905.0,1997.0,,0,,,,,,
Johann_Gottfried_Herder,2,1681.0,69.2964645563,1632.0,1730.0,1732.5,78.4888527117,1,1775.0,,1775.0,1775.0,1854.0,
Paul_Thieme,0,,,,,,,1,1930.0,,1930.0,1930.0,,
Adam_Ferguson,1,1719.0,,1719.0,1719.0,1754.0,,0,,,,,,
Mou_Zongsan,0,,,,,,,0,,,,,,
Alexander_Tarasov,4,1876.5,39.8706241068,1818.0,1905.0,1953.25,47.0062052641,0,,,,,,
Baruch_Spinoza,11,793.363636364,914.623012254,-515.0,1602.0,856.818181818,918.480464483,39,1846.64102564,96.2457072671,1646.0,1963.0,1910.25,102.690485023
Alexius_Meinong,2,1774.5,89.8025612107,1711.0,1838.0,1846.5,99.7020561473,4,1892.75,32.0767309224,1859.0,1924.0,1973.0,29.9443929086
David_Orton_(deep_ecology),2,1923.5,16.2634559673,1912.0,1935.0,2002.5,9.19238815543,0,,,,,,
William_E._Connolly,2,1885.0,57.9827560573,1844.0,1926.0,1942.0,59.3969696197,0,,,,,,
John_Mearsheimer,1,1924.0,,1924.0,1924.0,2013.0,,0,,,,,,
Maurice_Blanchot,3,1845.0,91.3290753265,1740.0,1906.0,1928.33333333,99.4702635632,3,1946.66666667,19.3993127026,1934.0,1969.0,1994.0,
Sam_C._Sarkesian,0,,,,,,,0,,,,,,
Carl_F._H._Henry,1,1902.0,,1902.0,1902.0,1985.0,,1,1957.0,,1957.0,1957.0,,
Nicole_Oresme,2,451.5,1181.57543136,-384.0,1287.0,512.5,1180.1612178,1,1944.0,,1944.0,1944.0,1999.0,
Syed_Zahoor_Shah_Hashmi,1,1877.0,,1877.0,1877.0,1938.0,,0,,,,,,
L._W._Sumner,1,1914.0,,1914.0,1914.0,2004.0,,0,,,,,,
Desiderius_Erasmus,2,1465.0,2.82842712475,1463.0,1467.0,1506.5,17.6776695297,0,,,,,,
Nicolai_Hartmann,2,1872.0,2.82842712475,1870.0,1874.0,1946.5,26.1629509039,4,1898.25,21.3131414859,1874.0,1923.0,1971.0,35.3459097115
Philip_Green_(author),3,1778.66666667,58.0459588028,1712.0,1818.0,1844.66666667,57.9511288357,0,,,,,,
Charles_Taylor_(philosopher),8,1590.0,798.942515365,-384.0,1929.0,1610.28571429,853.652488679,3,1945.66666667,9.45163125251,1935.0,1953.0,,
Alain_de_Benoist,9,1888.88888889,22.1045495568,1844.0,1929.0,1961.77777778,32.9081212536,1,1926.0,,1926.0,1926.0,2012.0,
Charles_Bernard_Renouvier,1,1814.0,,1814.0,1814.0,1862.0,,1,1842.0,,1842.0,1842.0,1910.0,
Syed_Mahmood_Khundmiri,1,1877.0,,1877.0,1877.0,1938.0,,0,,,,,,
Mikhail_Bakhtin,1,1844.0,,1844.0,1844.0,1900.0,,2,1941.5,0.707106781187,1941.0,1942.0,,
Charles_Stevenson,3,1724.0,142.944044997,1588.0,1873.0,1804.33333333,141.641566404,0,,,,,,
Ernest_Renan,0,,,,,,,1,1868.0,,1868.0,1868.0,1952.0,
Héctor-Neri_Castañeda,2,1882.5,41.71930009,1853.0,1912.0,1954.5,48.7903679019,0,,,,,,
Judith_Butler,11,1890.18181818,43.8173896571,1813.0,1932.0,1951.7,52.4934916601,0,,,,,,
Stilpo,1,-435.0,,-435.0,-435.0,-365.0,,2,-349.5,21.9203102168,-365.0,-334.0,-273.5,16.2634559673
Mary_Ainsworth,0,,,,,,,1,1948.0,,1948.0,1948.0,,
Hermann_Lotze,2,1775.5,0.707106781187,1775.0,1776.0,1847.5,9.19238815543,7,1849.57142857,11.4870527531,1836.0,1872.0,1920.57142857,26.2796318014
Giorgio_Del_Vecchio,0,,,,,,,1,1909.0,,1909.0,1909.0,2004.0,
Jan_Patočka,1,1889.0,,1889.0,1889.0,1976.0,,0,,,,,,
Gaston_Bachelard,3,1842.0,38.4317577012,1798.0,1869.0,1911.33333333,47.3743953348,11,1927.0,19.9849943708,1892.0,1966.0,1989.71428571,12.6848240786
Epicurus,2,-397.5,53.033008589,-435.0,-360.0,-313.0,60.811183182,17,1567.64705882,646.200330894,-150.0,1959.0,1603.5,658.817931349
Werner_Krieglstein,1,1903.0,,1903.0,1903.0,1969.0,,0,,,,,,
Theodor_W._Adorno,11,1825.0,89.9188523058,1646.0,1895.0,1888.81818182,95.486981502,11,1928.90909091,23.0323882629,1892.0,1956.0,1973.75,25.9663243452
William_L._Rowe,1,1710.0,,1710.0,1710.0,1796.0,,0,,,,,,
Parmenides,2,-552.5,24.7487373415,-570.0,-535.0,-485.0,14.1421356237,8,380.75,1168.39924072,-490.0,1889.0,450.25,1163.35042626
Henry_Corbin,2,1893.5,13.4350288425,1884.0,1903.0,1979.5,2.12132034356,0,,,,,,
Adriana_Cavarero,6,1855.0,131.919672528,1588.0,1930.0,1927.83333333,123.705160227,0,,,,,,
Julius_Thomas_Fraser,0,,,,,,,0,,,,,,
Theodore_Drange,1,1909.0,,1909.0,1909.0,1988.0,,0,,,,,,
C._J._F._Williams,2,1881.0,46.6690475583,1848.0,1914.0,1947.0,31.1126983722,0,,,,,,
J._J._C._Smart,2,1869.0,43.8406204336,1838.0,1900.0,1938.0,53.7401153702,0,,,,,,
Mário_Ferreira_dos_Santos,26,1593.46153846,630.92549359,-570.0,1895.0,1657.30769231,630.926605508,1,1947.0,,1947.0,1947.0,,
Tajuddin_Muhammad_Badruddin,0,,,,,,,2,1896.0,2.82842712475,1894.0,1898.0,1974.0,7.07106781187
Allan_Bloom,10,1329.9,939.414528073,-470.0,1905.0,1397.6,941.046840256,1,1952.0,,1952.0,1952.0,,
Grace_Ji-Sun_Kim,1,1908.0,,1908.0,1908.0,1986.0,,0,,,,,,
Aristippus,1,-470.0,,-470.0,-470.0,-399.0,,2,809.0,1626.34559673,-341.0,1959.0,-270.0,
William_Lane_Craig,5,1699.6,502.430393189,801.0,1934.0,1627.33333333,653.314880692,2,1955.0,9.89949493661,1948.0,1962.0,,
Jean_Baudrillard,3,1883.66666667,57.134344604,1818.0,1922.0,1953.33333333,61.500677503,3,1949.0,10.3923048454,1943.0,1961.0,,
Mir_Tanha_Yousafi,1,1877.0,,1877.0,1877.0,1938.0,,0,,,,,,
Bertrando_Spaventa,0,,,,,,,2,1870.5,6.36396103068,1866.0,1875.0,1948.0,5.65685424949
Richard_Swinburne,4,1252.0,1099.93363436,-384.0,1905.0,1323.75,1108.42782805,3,1936.66666667,13.0511813003,1923.0,1949.0,2010.0,
Pierre_Gassendi,2,-220.0,171.119841047,-341.0,-99.0,-162.5,152.027957955,4,1631.25,30.8693483356,1588.0,1659.0,1701.75,15.9661099416
Louis_Blanc,2,1783.0,32.5269119346,1760.0,1806.0,1849.0,33.941125497,3,1821.66666667,17.7857620959,1809.0,1842.0,1887.33333333,29.6704117486
James_M._Edie,3,1885.0,37.2692903072,1842.0,1908.0,1950.33333333,36.1985266735,0,,,,,,
Theognostus_of_Alexandria,0,,,,,,,0,,,,,,
Auguste_Comte,2,1678.0,115.965512115,1596.0,1760.0,1737.5,123.743686708,12,1844.25,32.549612482,1784.0,1884.0,1913.58333333,37.1470256569
Paul_Ludwig_Landsberg,0,,,,,,,0,,,,,,
Max_Adler_(Marxist),2,1830.0,33.941125497,1806.0,1854.0,1897.0,57.9827560573,0,,,,,,
Hedley_Bull,1,1893.0,,1893.0,1893.0,1962.0,,0,,,,,,
Giovanni_Gentile,5,1830.0,24.6475150877,1805.0,1866.0,1898.0,31.8040877876,1,1866.0,,1866.0,1866.0,1952.0,
William_Henry_Chamberlin_(philosopher),1,1855.0,,1855.0,1855.0,1916.0,,0,,,,,,
Herbert_Marcuse,5,1855.4,57.700086655,1772.0,1903.0,1927.6,63.8654836355,6,1940.0,16.3707055437,1913.0,1958.0,2002.0,
Karl_Leonhard_Reinhold,1,1754.0,,1754.0,1754.0,1800.0,,3,1772.66666667,25.7164020293,1754.0,1802.0,1828.66666667,38.1750354726
George_Herbert_Mead,1,1864.0,,1864.0,1864.0,1929.0,,4,1909.0,38.7384391357,1859.0,1948.0,1969.5,24.7487373415
Jean-Jacques_Rousseau,11,1433.18181818,607.287216757,-384.0,1714.0,1497.36363636,608.390708793,28,1841.14285714,79.0371287742,1711.0,1960.0,1895.56,79.412467535
Rudolf_Carnap,2,1860.0,16.9705627485,1848.0,1872.0,1947.5,31.8198051534,9,1919.0,20.5,1901.0,1966.0,1991.33333333,7.94145242803
Georges_Bataille,2,1686.0,76.3675323681,1632.0,1740.0,1745.5,96.8736290226,5,1939.2,25.6066397639,1901.0,1962.0,1982.5,2.12132034356
Michel_Foucault,13,1716.38461538,620.035555225,-341.0,1925.0,1791.76923077,621.563506255,26,1945.19230769,10.4614309949,1920.0,1964.0,2005.57142857,6.67974906857
William_Frankena,4,1876.0,11.6045967904,1861.0,1887.0,1960.0,10.1653004547,0,,,,,,
Bracha_L._Ettinger,4,1915.25,13.9373598648,1901.0,1930.0,1991.5,7.4161984871,0,,,,,,
Sheldon_Wolin,0,,,,,,,2,1954.0,1.41421356237,1953.0,1955.0,,
Euclid_of_Megara,1,-470.0,,-470.0,-470.0,-399.0,,1,-360.0,,-360.0,-360.0,-280.0,
Xavier_Zubiri,5,1316.4,962.099423137,-384.0,1889.0,1388.4,968.421034468,2,1938.5,12.0208152802,1930.0,1947.0,1989.0,
Harold_Joachim,0,,,,,,,1,1908.0,,1908.0,1908.0,2009.0,
Arda_Denkel,1,1919.0,,1919.0,1919.0,2006.0,,0,,,,,,
Richard_Rorty,16,1905.0,30.6572449295,1842.0,1936.0,1977.42857143,33.9812488694,7,1941.42857143,9.34268239242,1929.0,1953.0,,
Johann_Friedrich_Herbart,0,,,,,,,4,1826.0,24.1798814444,1796.0,1848.0,1894.75,17.6328292303
Franciscus_van_den_Enden,0,,,,,,,1,1632.0,,1632.0,1632.0,1677.0,
Park_Ji-won,4,484.5,1121.94548293,-551.0,1731.0,553.75,1111.37973558,0,,,,,,
Guillaume_Budé,0,,,,,,,1,1467.0,,1467.0,1467.0,1519.0,
Federico_Ferrari,1,1907.0,,1907.0,1907.0,2003.0,,0,,,,,,
Sarah_Kofman,3,1893.66666667,44.5234020862,1844.0,1930.0,1969.0,59.7578446733,0,,,,,,
Georges_Canguilhem,4,1878.5,19.3304595565,1859.0,1903.0,1949.5,9.32737905309,4,1924.75,4.99165971062,1918.0,1930.0,1992.75,7.63216876124
Nijaz_Ibrulj,2,1924.5,10.6066017178,1917.0,1932.0,2003.0,,0,,,,,,
Otto_Neurath,0,,,,,,,0,,,,,,
Gregg_Lambert,3,1926.33333333,3.21455025366,1924.0,1930.0,1999.0,4.58257569496,0,,,,,,
Yahya_ibn_Ma'in,0,,,,,,,1,815.0,,815.0,815.0,883.0,
George_Campbell_(minister),3,1684.33333333,45.3247540902,1632.0,1711.0,1758.66666667,48.3873261643,0,,,,,,
Gemistus_Pletho,0,,,,,,,0,,,,,,
Chris_Bateman,1,1813.0,,1813.0,1813.0,1855.0,,0,,,,,,
Philip_Lindholm,2,1859.5,65.7609306503,1813.0,1906.0,1925.0,98.9949493661,0,,,,,,
Stephen_Mumford,2,1899.0,38.1837661841,1872.0,1926.0,1992.0,31.1126983722,0,,,,,,
Friedrich_Wilhelm_Joseph_Schelling,7,1690.28571429,71.9182737226,1575.0,1762.0,1748.71428571,76.8759049502,14,1874.0,55.9505275977,1768.0,1950.0,1934.83333333,56.2022861608
Northrop_Frye,1,1880.0,,1880.0,1880.0,1936.0,,1,1926.0,,1926.0,1926.0,,
Max_Black,3,1882.66666667,17.616280349,1872.0,1903.0,1952.66666667,20.5264057578,1,1934.0,,1934.0,1934.0,,
Jacques_Maritain,3,1122.66666667,1304.83613275,-384.0,1884.0,1202.66666667,1320.46405984,5,1919.8,10.3537432844,1902.0,1928.0,2004.75,4.11298755975
Josef_Pieper,1,-384.0,,-384.0,-384.0,-322.0,,1,1921.0,,1921.0,1921.0,2006.0,
Antisthenes,2,-477.5,10.6066017178,-485.0,-470.0,-389.5,13.4350288425,2,-388.5,33.2340187158,-412.0,-365.0,-304.0,26.8700576851
Hans_Jonas,2,1875.0,19.7989898732,1861.0,1889.0,1961.5,20.5060966544,6,1928.5,25.2725147146,1901.0,1960.0,1988.66666667,15.8219257151
Natalia_Magnat,2,1861.5,61.5182899632,1818.0,1905.0,1931.5,68.5893577751,0,,,,,,
Maine_de_Biran,5,1660.0,51.7107338954,1596.0,1714.0,1725.6,54.7247658743,6,1863.83333333,36.6628785922,1813.0,1922.0,1944.0,34.3860436805
Robert_B._Pippin,4,1927.25,21.0772389084,1899.0,1950.0,1998.0,21.9317121995,2,1946.0,5.65685424949,1942.0,1950.0,,
Carneades,1,-360.0,,-360.0,-360.0,-270.0,,1,160.0,,160.0,160.0,210.0,
Nader_El-Bizri,6,1890.0,17.0997075998,1861.0,1908.0,1967.5,16.3309522074,0,,,,,,
Lucien_Tesnière,2,1812.0,63.6396103068,1767.0,1857.0,1874.0,55.1543289326,0,,,,,,
Alain_Badiou,6,1898.5,40.648493207,1818.0,1925.0,1971.16666667,43.7968796453,2,1954.5,7.77817459305,1949.0,1960.0,,
Tetsuro_Watsuji,1,1889.0,,1889.0,1889.0,1976.0,,2,1925.0,0.0,1925.0,1925.0,2005.0,
David_Ray_Griffin,3,1894.33333333,32.083225108,1861.0,1925.0,1973.5,37.4766594029,1,1966.0,,1966.0,1966.0,,
Syed_Ahmad_Khan,2,1684.5,74.2462120246,1632.0,1737.0,1756.5,74.2462120246,1,1857.0,,1857.0,1857.0,1914.0,
Bernard_Mandeville,3,1622.0,25.5147016443,1596.0,1647.0,1681.0,28.4780617318,2,1783.5,85.5599205236,1723.0,1844.0,1845.0,77.7817459305
Duncan_Kennedy_(legal_philosopher),0,,,,,,,1,1955.0,,1955.0,1955.0,,
Y._Michal_Bodemann,2,1874.0,79.1959594929,1818.0,1930.0,1942.5,84.1457069612,0,,,,,,
Nicholas_of_Cusa,5,822.4,697.927861602,-384.0,1260.0,887.4,700.085566199,7,1721.85714286,190.557452904,1463.0,1947.0,1742.5,192.926670007
Upasni_Maharaj,0,,,,,,,1,1894.0,,1894.0,1894.0,1969.0,
Karl_Popper,10,1092.6,1076.56575378,-535.0,1872.0,1158.5,1078.20975593,7,1927.28571429,13.9727626201,1903.0,1945.0,1985.75,10.4043260233
Morris_Janowitz,2,1880.5,30.405591591,1859.0,1902.0,1970.5,26.1629509039,2,1949.5,2.12132034356,1948.0,1951.0,,
Claudine_Tiercelin,1,1266.0,,1266.0,1266.0,1308.0,,0,,,,,,
Giovanni_Pico_della_Mirandola,2,508.5,1262.18560442,-384.0,1401.0,571.0,1262.8927112,4,1559.5,107.518990571,1466.0,1659.0,1619.75,106.796925674
Philip_Pettit,1,1469.0,,1469.0,1469.0,1527.0,,0,,,,,,
Edward_Shils,0,,,,,,,1,1948.0,,1948.0,1948.0,,
Nicholas_Wolterstorff,2,1821.0,156.977705423,1710.0,1932.0,1796.0,,1,1966.0,,1966.0,1966.0,,
Eric_Voegelin,7,1514.28571429,847.86962722,-384.0,1903.0,1591.0,855.398542591,2,1923.0,33.941125497,1899.0,1947.0,1973.0,
Johann_Georg_Hamann,1,1711.0,,1711.0,1711.0,1776.0,,5,1765.6,29.4584453086,1743.0,1813.0,1827.6,25.2547025324
Solomon_ibn_Gabirol,0,,,,,,,2,1210.5,14.8492424049,1200.0,1221.0,1277.0,4.24264068712
Fred_Dretske,0,,,,,,,0,,,,,,
Cheng_Yi_(philosopher),3,31.3333333333,858.291520017,-551.0,1017.0,101.666666667,846.546710662,1,1130.0,,1130.0,1130.0,1200.0,
Philippe_Descola,1,1908.0,,1908.0,1908.0,2009.0,,0,,,,,,
Wolfgang_Smith,4,1155.75,1066.51156424,-384.0,1886.0,1226.0,1072.71835384,1,1947.0,,1947.0,1947.0,,
Edwin_Arthur_Burtt,1,1859.0,,1859.0,1859.0,1952.0,,1,1892.0,,1892.0,1892.0,1964.0,
Christoph_von_Sigwart,3,1735.33333333,91.4840605424,1632.0,1806.0,1794.66666667,103.751305213,3,1853.33333333,16.2890556305,1842.0,1872.0,1934.66666667,31.3900196453
Syed_Faiz-ul_Hassan_Shah,0,,,,,,,0,,,,,,
Philippa_Foot,1,-384.0,,-384.0,-384.0,-322.0,,4,1935.75,7.80491298265,1929.0,1943.0,2003.0,
Karl_Robert_Eduard_von_Hartmann,2,1797.0,12.7279220614,1788.0,1806.0,1858.0,2.82842712475,3,1859.33333333,6.65832811848,1852.0,1865.0,1931.0,5.29150262213
Gilbert_Simondon,0,,,,,,,3,1948.66666667,22.1885856542,1925.0,1969.0,1995.0,
Hilail_Gildin,2,757.5,1614.32478145,-384.0,1899.0,825.5,1622.81006282,0,,,,,,
Clément_Rosset,1,1788.0,,1788.0,1788.0,1860.0,,0,,,,,,
Hugo_Grotius,2,1539.0,12.7279220614,1530.0,1548.0,1606.5,14.8492424049,5,1665.0,95.5562661472,1584.0,1809.0,1736.0,85.735057007
G._M._Tamás,3,1882.66666667,58.8245980295,1818.0,1933.0,1922.5,55.8614357137,0,,,,,,
Roberto_Mangabeira_Unger,1,1401.0,,1401.0,1401.0,1464.0,,0,,,,,,
Marshall_McLuhan,1,1900.0,,1900.0,1900.0,1985.0,,2,1941.0,16.9705627485,1929.0,1953.0,2007.0,
Herbert_McCabe,0,,,,,,,2,1937.0,8.48528137424,1931.0,1943.0,,
Max_Horkheimer,3,1841.33333333,57.9511288357,1788.0,1903.0,1913.33333333,54.5374489075,7,1912.42857143,19.0162837489,1892.0,1943.0,1967.0,18.6726180989
Georges_Sorel,4,1832.5,23.0723499742,1809.0,1859.0,1897.25,32.4794807019,6,1883.66666667,10.25020325,1866.0,1894.0,1949.16666667,25.0393024397
Pierre_Bourdieu,5,1902.4,13.0115333455,1884.0,1919.0,1992.4,18.6895692834,2,1950.0,8.48528137424,1944.0,1956.0,,
Norman_P._Barry,1,1907.0,,1907.0,1907.0,1992.0,,0,,,,,,
Erin_Manning_(theorist),7,1895.14285714,43.8878440703,1842.0,1940.0,1955.5,42.9825546007,0,,,,,,
Necip_Fazıl_Kısakürek,2,1862.0,4.24264068712,1859.0,1865.0,1942.0,1.41421356237,0,,,,,,
Carl_Gustav_Hempel,0,,,,,,,7,1929.14285714,12.0889559989,1906.0,1938.0,2000.0,2.82842712475
Rémi_Brague,4,1135.25,1073.86789225,-384.0,1899.0,1207.75,1082.5840614,0,,,,,,
Idriss_Aberkane,0,,,,,,,0,,,,,,
Taha_Hussein,2,1284.5,440.527524679,973.0,1596.0,1353.5,419.314321244,0,,,,,,
Wilhelm_Windelband,2,1796.5,28.9913780286,1776.0,1817.0,1861.0,28.2842712475,2,1872.5,3.53553390593,1870.0,1875.0,1940.0,35.3553390593
Brian_Massumi,6,1891.83333333,42.0638403699,1842.0,1934.0,1957.0,36.1731944954,0,,,,,,
Norbert_Bolz,4,1892.5,34.7610893577,1844.0,1923.0,1951.75,40.2357635278,0,,,,,,
Karel_Kosík,3,1864.0,39.8873413504,1818.0,1889.0,1943.33333333,52.3099735551,1,1943.0,,1943.0,1943.0,2013.0,
Ian_Hacking,4,1920.75,6.70198975429,1911.0,1926.0,1983.5,16.5227116419,0,,,,,,
Max_Scheler,6,1852.66666667,17.7501173705,1833.0,1882.0,1927.16666667,15.2501366114,6,1887.33333333,10.2891528644,1878.0,1907.0,1964.33333333,10.0133244563
John_Bonvillian,1,1913.0,,1913.0,1913.0,1999.0,,0,,,,,,
Louis_Gabriel_Ambroise_de_Bonald,4,1674.0,53.3729019884,1638.0,1753.0,1740.0,54.1171568605,4,1851.75,67.0043530924,1753.0,1898.0,1933.0,75.9166209294
Zaki_al-Arsuzi,6,1793.16666667,104.80537518,1596.0,1880.0,1854.0,109.969086565,0,,,,,,
Robert_Anton_Wilson,3,1823.0,84.7879708449,1748.0,1915.0,1886.33333333,76.1730486021,0,,,,,,
Louis_Arnaud_Reid,3,1853.33333333,9.81495457622,1842.0,1859.0,1934.33333333,21.7791949652,1,1895.0,,1895.0,1895.0,1985.0,
Paul_Watzlawick,0,,,,,,,1,1940.0,,1940.0,1940.0,,
John_McDowell,9,1656.77777778,765.7843655,-384.0,1948.0,1702.5,818.498450998,1,1946.0,,1946.0,1946.0,,
Noam_Chomsky,11,1636.54545455,549.709443913,4.0,1908.0,1876.8,114.038784825,11,1945.36363636,9.0362904698,1932.0,1958.0,2004.33333333,6.11010092661
Hector_Zagal,1,-384.0,,-384.0,-384.0,-322.0,,0,,,,,,
Gianni_Vattimo,5,1884.4,53.2099614734,1818.0,1940.0,1941.5,59.5119035712,2,1948.0,24.0416305603,1931.0,1965.0,2007.0,
Cornel_West,6,1887.66666667,53.6904709112,1818.0,1931.0,1932.0,56.3205113613,1,1955.0,,1955.0,1955.0,,
Muhammad_ibn_Zakariya_al-Razi,1,850.0,,850.0,850.0,934.0,,0,,,,,,
Paul_Churchland,5,1917.8,16.2234398325,1902.0,1943.0,1994.25,4.5,1,1943.0,,1943.0,1943.0,,
Peter_Rollins,12,1840.41666667,188.709232001,1260.0,1949.0,1877.22222222,212.819041546,0,,,,,,
Louis_Lavelle,4,1771.5,98.4564201394,1638.0,1869.0,1845.75,100.274207385,1,1907.0,,1907.0,1907.0,1968.0,
Stephen_Walt,1,1924.0,,1924.0,1924.0,2013.0,,0,,,,,,
Mylan_Engel,2,1828.0,166.87720036,1710.0,1946.0,1796.0,,0,,,,,,
Moritz_Schlick,1,1872.0,,1872.0,1872.0,1970.0,,1,1903.0,,1903.0,1903.0,1980.0,
Morris_Raphael_Cohen,2,1848.5,9.19238815543,1842.0,1855.0,1913.0,4.24264068712,2,1901.5,0.707106781187,1901.0,1902.0,1987.0,2.82842712475
Karl_Jaspers,7,1667.42857143,247.357270052,1260.0,1889.0,1730.14285714,249.322701581,10,1912.7,21.5460746618,1885.0,1954.0,1984.875,12.472111747
Bas_van_Fraassen,2,1901.5,14.8492424049,1891.0,1912.0,1971.0,25.4558441227,2,1938.0,8.48528137424,1932.0,1944.0,,
Michel_Clouscard,3,1805.0,87.2295821382,1712.0,1885.0,1877.33333333,96.6247035356,0,,,,,,
Bolívar_Echeverría,2,1855.0,52.3259018078,1818.0,1892.0,1911.5,40.3050865276,0,,,,,,
Claude_Adrien_Helvétius,2,1673.0,57.9827560573,1632.0,1714.0,1742.0,53.7401153702,1,1818.0,,1818.0,1818.0,1883.0,
Hubert_Dreyfus,1,1889.0,,1889.0,1889.0,1976.0,,3,1931.33333333,0.57735026919,1931.0,1932.0,2007.0,
Pythagoras,3,-604.666666667,22.4796204001,-624.0,-580.0,-537.333333333,15.0111069989,5,72.8,1049.01248801,-535.0,1907.0,140.6,1049.56028888
Abdul_Haq_Ansari,0,,,,,,,0,,,,,,
Imre_Lakatos,5,1890.2,43.3958523364,1818.0,1924.0,1967.6,48.3973139751,2,1926.5,3.53553390593,1924.0,1929.0,1994.0,
Ted_Honderich,4,1918.0,8.20568908339,1910.0,1929.0,2000.5,7.76745346515,0,,,,,,
Isaiah_Berlin,2,1809.0,4.24264068712,1806.0,1812.0,1871.5,2.12132034356,6,1939.16666667,10.2842922297,1921.0,1949.0,2007.33333333,4.72581562625
W._D._Ross,2,1872.0,1.41421356237,1871.0,1873.0,1952.5,7.77817459305,2,1940.0,8.48528137424,1934.0,1946.0,2011.0,
Graham_Harman,2,1886.0,4.24264068712,1883.0,1889.0,1965.5,14.8492424049,0,,,,,,
Boris_Kagarlitsky,3,1843.0,41.5812457726,1818.0,1891.0,1905.0,28.3548937575,0,,,,,,
Leszek_Kołakowski,2,1819.0,1.41421356237,1818.0,1820.0,1889.0,8.48528137424,2,1945.0,5.65685424949,1941.0,1949.0,2001.0,14.1421356237
Martha_Albertson_Fineman,0,,,,,,,1,1947.0,,1947.0,1947.0,,
Zenon_Pylyshyn,0,,,,,,,0,,,,,,
Paul_Copan,1,1949.0,,1949.0,1949.0,,,0,,,,,,
Dan_Zahavi,0,,,,,,,0,,,,,,
André_Glucksmann,2,1905.5,0.707106781187,1905.0,1906.0,1989.0,8.48528137424,0,,,,,,
Luciano_Floridi,3,1336.0,1018.44636579,160.0,1925.0,1408.66666667,1038.08011894,0,,,,,,
Qalandar_Baba_Auliya,1,1861.0,,1861.0,1861.0,1925.0,,0,,,,,,
Jun_Tsuji,3,1089.33333333,1238.70591075,-341.0,1806.0,1156.0,1235.0206476,0,,,,,,
Paul_Grice,1,-384.0,,-384.0,-384.0,-322.0,,3,1936.33333333,19.8578280115,1919.0,1958.0,2006.0,
Adam_of_Dryburgh,0,,,,,,,0,,,,,,
Albert_Camus,6,1864.66666667,51.697840058,1798.0,1909.0,1921.16666667,62.4288928836,5,1938.0,20.4694894905,1905.0,1959.0,1999.33333333,16.8621864933
Michael_Huemer,2,1791.5,115.258405333,1710.0,1873.0,1877.0,114.551298552,0,,,,,,
Norman_O._Brown,2,1858.0,56.5685424949,1818.0,1898.0,1931.0,67.8822509939,0,,,,,,
F._C._S._Schiller,2,676.0,1648.97301373,-490.0,1842.0,745.0,1647.55880016,1,1842.0,,1842.0,1842.0,1910.0,
James_Burk,2,1915.0,5.65685424949,1911.0,1919.0,1991.5,4.94974746831,0,,,,,,
James_Mill,2,1726.5,30.405591591,1705.0,1748.0,1794.5,53.033008589,1,1806.0,,1806.0,1806.0,1873.0,
Peg_O'Connor,0,,,,,,,0,,,,,,
Harry_Frankfurt,1,1596.0,,1596.0,1596.0,1650.0,,0,,,,,,
Jacob_Taubes,2,1866.0,31.1126983722,1844.0,1888.0,1942.5,60.1040764009,3,1947.33333333,5.50757054729,1942.0,1953.0,,
John_Searle,9,1881.22222222,69.2021997081,1711.0,1929.0,1943.0,77.7967437193,1,1956.0,,1956.0,1956.0,,
Dominic_of_Flanders,2,441.0,1166.72618896,-384.0,1266.0,493.0,1152.58405333,0,,,,,,
Costanzo_Preve,6,1439.83333333,899.403005702,-384.0,1926.0,1504.33333333,902.334232237,0,,,,,,
Oswald_Spengler,3,1032.33333333,1357.63925007,-535.0,1844.0,1095.0,1359.8069716,10,1913.4,23.0226941179,1883.0,1962.0,1977.875,16.5135225973
Jean-François_Lyotard,1,1533.0,,1533.0,1533.0,1592.0,,6,1943.33333333,10.366613076,1931.0,1961.0,2007.0,
Pierre-Joseph_Proudhon,5,1727.6,88.2173452332,1583.0,1811.0,1793.4,90.8421708239,12,1866.25,44.20021596,1812.0,1959.0,1926.63636364,41.2705045457
Douglas_Groothuis,2,1863.0,70.7106781187,1813.0,1913.0,1929.0,104.651803616,0,,,,,,
Victor_Prosper_Considerant,0,,,,,,,1,1772.0,,1772.0,1772.0,1837.0,
Aenesidemus,2,-447.5,123.743686708,-535.0,-360.0,-372.5,144.956890143,1,160.0,,160.0,160.0,210.0,
Étienne_Gilson,3,893.333333333,1137.73517715,-384.0,1798.0,947.666666667,1133.30946053,6,1908.66666667,18.6511840554,1882.0,1932.0,1976.0,7.25718035236
Jyotirao_Phule,1,1737.0,,1737.0,1737.0,1809.0,,0,,,,,,
P._F._Strawson,4,1898.75,18.6793111936,1872.0,1913.0,1980.75,9.2870878105,6,1937.83333333,7.35980072194,1930.0,1949.0,2001.0,1.0
Vasile_Pogor,2,1793.0,7.07106781187,1788.0,1798.0,1858.5,2.12132034356,0,,,,,,
Bruno_Bauer,2,1805.0,1.41421356237,1804.0,1806.0,1864.0,11.313708499,5,1828.4,19.8695747312,1806.0,1854.0,1894.4,29.7371821126
Thomas_E._Hill_(academic),1,1921.0,,1921.0,1921.0,2002.0,,0,,,,,,
Émile_Meyerson,1,1798.0,,1798.0,1798.0,1857.0,,2,1903.0,26.8700576851,1884.0,1922.0,1979.0,24.0416305603
Yamazaki_Ansai,1,1130.0,,1130.0,1130.0,1200.0,,0,,,,,,
Jonathan_Wolff_(philosopher),1,1941.0,,1941.0,1941.0,2009.0,,0,,,,,,
Henri_Bourassa,2,1810.5,81.3172798365,1753.0,1868.0,1886.5,92.6309883354,0,,,,,,
David_Lewis_(philosopher),4,1849.75,136.035228281,1646.0,1926.0,1907.33333333,165.726682623,1,1950.0,,1950.0,1950.0,,
Robert_S._Corrington,1,1914.0,,1914.0,1914.0,1991.0,,0,,,,,,
Stephen_Toulmin,0,,,,,,,0,,,,,,
Vladimir_Jankélévitch,2,1817.0,59.3969696197,1775.0,1859.0,1897.5,61.5182899632,1,1921.0,,1921.0,1921.0,2011.0,
Yasuo_Yuasa,2,1874.0,21.2132034356,1859.0,1889.0,1950.5,13.4350288425,0,,,,,,
Mark_Poster,1,1905.0,,1905.0,1905.0,1980.0,,0,,,,,,
François_Laruelle,2,1869.0,79.1959594929,1813.0,1925.0,1947.5,67.1751442127,0,,,,,,
Mario_Kopić,6,1907.83333333,37.1075014878,1844.0,1942.0,1963.75,44.5748434284,0,,,,,,
Gordon_Clark,1,-384.0,,-384.0,-384.0,-322.0,,1,1913.0,,1913.0,1913.0,2003.0,
Pierre_Bayle,3,964.333333333,1125.39963272,-335.0,1632.0,1019.33333333,1115.81106525,5,1737.4,105.85981296,1670.0,1923.0,1804.0,115.488094625
Ralph_Waldo_Emerson,1,1533.0,,1533.0,1533.0,1592.0,,8,1866.5,32.8894251351,1817.0,1926.0,1926.28571429,37.4998412695
Nelson_Goodman,5,1859.6,83.6946832242,1711.0,1908.0,1941.4,93.8232380597,5,1922.2,8.13633824272,1908.0,1928.0,2007.0,9.89949493661
Willard_Van_Orman_Quine,7,1802.28571429,228.440155756,1287.0,1927.0,1877.28571429,235.606815327,14,1931.64285714,11.4864946977,1906.0,1944.0,1999.83333333,5.38206899497
David_Hume,16,1302.3125,745.834898509,-360.0,1723.0,1368.5625,742.961997121,35,1860.28571429,79.9016201811,1710.0,1972.0,1917.79310345,81.3841768187
Maimonides,2,371.0,1067.73123959,-384.0,1126.0,438.0,1074.8023074,10,1720.9,235.61524663,1200.0,1966.0,1727.875,227.010029671
Michel_de_Montaigne,3,-126.333333333,363.290976124,-535.0,160.0,-66.6666666667,360.982455714,10,1811.2,148.101166625,1541.0,1959.0,1843.375,151.313239436
Jacques_Rancière,7,1577.85714286,866.05319863,-384.0,1942.0,1585.66666667,935.527801119,4,1946.0,10.9848380355,1935.0,1960.0,2014.0,
Félix_Guattari,3,1881.33333333,56.1456439391,1818.0,1925.0,1953.0,61.0245852096,6,1948.83333333,17.0342791649,1925.0,1969.0,1995.0,
Franz_Bopp,1,4.0,,4.0,4.0,,,1,1832.0,,1832.0,1832.0,1915.0,
Augusto_Ponzio,5,1889.4,40.6730869249,1818.0,1915.0,1967.8,48.9663149522,0,,,,,,
Alasdair_MacIntyre,7,1550.14285714,854.254924592,-384.0,1922.0,1614.14285714,855.867869197,0,,,,,,
Kiarina_Kordela,3,1827.33333333,170.857640547,1632.0,1949.0,1829.0,214.960461481,0,,,,,,
Gottfried_Wilhelm_Leibniz,13,1220.61538462,762.472462723,-551.0,1660.0,1282.38461538,760.281585824,34,1829.32352941,91.9857434897,1660.0,1980.0,1883.3,87.6380290623
Derek_Parfit,1,1838.0,,1838.0,1838.0,1900.0,,0,,,,,,
Jawdat_Said,1,1877.0,,1877.0,1877.0,1938.0,,0,,,,,,
Antonio_Labriola,2,1797.0,29.6984848098,1776.0,1818.0,1862.0,29.6984848098,2,1878.5,17.6776695297,1866.0,1891.0,1944.5,10.6066017178
Arthur_Drews,1,1842.0,,1842.0,1842.0,1906.0,,0,,,,,,
Leo_Strauss,15,1439.8,786.618277366,-470.0,1902.0,1507.86666667,788.029537759,10,1922.2,19.842714868,1888.0,1948.0,1994.25,16.420805618
John_Anderson_(philosopher),2,662.0,1692.81363416,-535.0,1859.0,731.5,1706.248663,5,1923.2,7.46324326282,1914.0,1932.0,1995.6,13.5757136092
Alfred_North_Whitehead,10,1333.9,950.102971028,-535.0,1863.0,1406.4,956.594213284,19,1919.73684211,25.6857982924,1872.0,1969.0,1987.90909091,14.1382781516
Shin_Chaeho,1,1130.0,,1130.0,1130.0,1200.0,,0,,,,,,
Theophrastus,1,-384.0,,-384.0,-384.0,-322.0,,1,-335.0,,-335.0,-335.0,-269.0,
Pierre_Duhem,0,,,,,,,2,1915.0,9.89949493661,1908.0,1922.0,1998.0,2.82842712475
Jeremy_Waldron,2,1935.0,5.65685424949,1931.0,1939.0,2013.0,,0,,,,,,
J._L._Mackie,2,1802.0,128.693434176,1711.0,1893.0,1869.0,131.521861301,1,1932.0,,1932.0,1932.0,2015.0,
August_Schleicher,1,1767.0,,1767.0,1767.0,1835.0,,1,1840.0,,1840.0,1840.0,1916.0,
Amina_Mama,7,1900.14285714,38.9847344971,1818.0,1935.0,1966.14285714,42.0215364285,0,,,,,,
Nel_Noddings,3,1117.66666667,1300.51617957,-384.0,1878.0,1198.33333333,1316.66333333,0,,,,,,
Kwame_Anthony_Appiah,1,1921.0,,1921.0,1921.0,2002.0,,0,,,,,,
James_Rachels,1,1946.0,,1946.0,1946.0,,,0,,,,,,
Emil_Cioran,7,1830.0,51.1175116765,1753.0,1889.0,1892.57142857,56.0055269381,0,,,,,,
William_James,12,1796.25,55.4700984151,1705.0,1864.0,1863.08333333,56.1288425829,23,1900.26086957,35.3144541503,1855.0,1969.0,1964.05882353,28.0478844751
Joseph_Margolis,2,1883.5,34.6482322781,1859.0,1908.0,1976.0,33.941125497,0,,,,,,
Al-Kindi,0,,,,,,,2,1399.5,777.110352524,850.0,1949.0,934.0,
Israel_Scheffler,1,1906.0,,1906.0,1906.0,1998.0,,0,,,,,,
Johann_Gustav_Droysen,0,,,,,,,1,1833.0,,1833.0,1833.0,1911.0,
Ivan_Illich,3,1900.0,15.8745078664,1882.0,1912.0,1987.33333333,12.4230967691,2,1937.0,19.7989898732,1923.0,1951.0,2007.0,
Lazăr_Șăineanu,3,1840.33333333,8.50490054812,1832.0,1849.0,1916.66666667,2.08166599947,0,,,,,,
Alexandre_Koyré,4,1876.0,14.8099065943,1859.0,1892.0,1959.0,22.045407685,5,1926.2,23.8579127335,1902.0,1966.0,1990.0,15.0554530542
Richard_Tarnas,2,1818.0,60.811183182,1775.0,1861.0,1889.5,50.2045814642,0,,,,,,
Zhou_Dunyi,2,-461.5,126.572113832,-551.0,-372.0,-384.0,134.350288425,2,1081.5,68.5893577751,1033.0,1130.0,1153.5,65.7609306503
Arthur_A._Cohen,3,1613.0,465.938837188,1075.0,1886.0,1678.33333333,465.692316163,0,,,,,,
Hans-Georg_Gadamer,5,1397.8,997.240542698,-384.0,1889.0,1473.6,1005.38713936,7,1933.71428571,15.9343892856,1901.0,1948.0,1985.0,
Curt_John_Ducasse,0,,,,,,,2,1914.0,2.82842712475,1912.0,1916.0,1994.0,7.07106781187
Roderick_T._Long,2,777.0,1641.90194592,-384.0,1938.0,840.0,1643.31615948,1,1966.0,,1966.0,1966.0,,
Jeremy_Bentham,3,287.666666667,1220.19684204,-490.0,1694.0,352.0,1209.56686463,8,1836.75,61.7014702302,1773.0,1944.0,1892.28571429,54.545743145
Petr_Chelčický,2,1350.0,26.8700576851,1331.0,1369.0,1399.5,21.9203102168,0,,,,,,
Martial_Gueroult,1,1762.0,,1762.0,1762.0,1814.0,,1,1920.0,,1920.0,1920.0,2001.0,
George_Berkeley,2,1635.0,4.24264068712,1632.0,1638.0,1709.5,7.77817459305,7,1798.85714286,93.4316658873,1710.0,1938.0,1848.5,78.9145107062
Albert_Hofstadter,1,1889.0,,1889.0,1889.0,1976.0,,0,,,,,,
Roderick_Chisholm,4,1831.75,82.3139315871,1710.0,1883.0,1912.25,80.566225347,0,,,,,,
Thomas_Reid,2,1698.0,18.3847763109,1685.0,1711.0,1764.5,16.2634559673,15,1864.86666667,92.9991295402,1705.0,1969.0,1897.9,94.0974081589
Raymond_Aron,4,1861.75,41.5642073584,1805.0,1905.0,1933.5,52.0544586627,4,1928.25,16.1529151136,1905.0,1941.0,1987.66666667,6.65832811848
Theoklitos_Farmakidis,2,1766.0,25.4558441227,1748.0,1784.0,1843.0,14.1421356237,0,,,,,,
Alejandro_Korn,0,,,,,,,0,,,,,,
Rudolf_Christoph_Eucken,3,1078.33333333,1266.44002358,-384.0,1817.0,1143.66666667,1269.3125436,1,1874.0,,1874.0,1874.0,1928.0,
Anthony_Collins,1,1632.0,,1632.0,1632.0,1704.0,,0,,,,,,
Wilhelm_Dilthey,4,1796.0,18.8325958558,1768.0,1808.0,1865.75,21.8536800867,10,1892.9,26.3626419179,1858.0,1939.0,1960.125,32.0331859171
Tariq_Ramadan,1,1900.0,,1900.0,1900.0,1992.0,,0,,,,,,
Protagoras,1,-515.0,,-515.0,-515.0,-460.0,,3,1818.66666667,62.0107517559,1748.0,1864.0,1889.66666667,53.2572373798
John_Rawls,7,1810.71428571,104.095651984,1632.0,1909.0,1884.42857143,109.858783813,11,1940.54545455,10.7644195047,1929.0,1955.0,2011.5,3.41565025532
John_Grinder,4,1893.25,37.1068277635,1852.0,1928.0,1970.0,37.0,0,,,,,,
Alexandre_Kojève,3,1881.33333333,24.7857485934,1853.0,1899.0,1945.66666667,39.8036849215,7,1923.42857143,21.9761775783,1899.0,1952.0,1981.5,7.85281265959
Stanley_Cavell,9,1868.55555556,48.7470796846,1803.0,1922.0,1935.55555556,60.095988034,7,1945.28571429,18.9359823767,1922.0,1967.0,1999.5,4.94974746831
Christine_Korsgaard,1,1921.0,,1921.0,1921.0,2002.0,,1,1972.0,,1972.0,1972.0,,
Yvanka_B._Raynova,1,1838.0,,1838.0,1838.0,1917.0,,0,,,,,,
Emma_Goldman,6,1821.0,17.798876369,1803.0,1844.0,1882.83333333,24.3015774522,0,,,,,,
Robert_Brandom,6,1917.5,36.2808489427,1848.0,1948.0,1986.6,35.4231562682,1,1948.0,,1948.0,1948.0,,
M._M._Sharif,3,1797.0,130.770791846,1646.0,1873.0,1881.33333333,143.308524985,0,,,,,,
Virginia_Held,0,,,,,,,0,,,,,,
Maurice_Merleau-Ponty,9,1873.44444444,29.3177041696,1813.0,1906.0,1951.66666667,31.8198051534,13,1924.30769231,17.8716937053,1902.0,1966.0,1994.11111111,12.4443204359
"Claude_Henri_de_Rouvroy,_comte_de_Saint-Simon",5,1695.2,77.2120456924,1596.0,1772.0,1760.4,80.2888535228,5,1808.4,7.30068489938,1798.0,1818.0,1872.0,11.1355287257
Gaetano_Mosca,1,1818.0,,1818.0,1818.0,1883.0,,0,,,,,,
Denis_Diderot,8,1397.75,607.852366944,-99.0,1659.0,1454.125,612.922609307,4,1767.5,102.445107253,1712.0,1921.0,1838.25,111.935621378
Jürgen_Habermas,12,1887.5,33.7544609846,1818.0,1931.0,1964.83333333,38.2808600011,4,1944.25,8.22090830343,1932.0,1949.0,2006.0,
Irena_Krzywicka,1,1818.0,,1818.0,1818.0,1883.0,,0,,,,,,
Marquis_de_Sade,1,1712.0,,1712.0,1712.0,1778.0,,5,1913.8,14.2021125189,1897.0,1931.0,1985.8,15.2708873351
Sextus_Empiricus,3,-191.0,181.595704795,-360.0,1.0,-199.0,100.409162928,6,1698.16666667,175.794671895,1533.0,1964.0,1704.2,131.587233423
George_Boole,2,624.0,1425.52727087,-384.0,1632.0,677.5,1413.50645559,1,1872.0,,1872.0,1872.0,1970.0,
Rigas_Feraios,1,1712.0,,1712.0,1712.0,1778.0,,1,1878.0,,1878.0,1878.0,1920.0,
Manfred_Frank,3,1865.0,85.0823130856,1768.0,1927.0,1918.0,118.793939239,0,,,,,,
Rudolf_Steiner,6,1819.66666667,31.0655221535,1762.0,1842.0,1882.33333333,40.0133311119,2,1914.0,50.9116882454,1878.0,1950.0,1965.0,
Panagiotis_Kondylis,1,1927.0,,1927.0,1927.0,,,0,,,,,,
Charles_Cooley,0,,,,,,,2,1881.5,26.1629509039,1863.0,1900.0,1959.0,39.5979797464
Judah_Halevi,0,,,,,,,1,1928.0,,1928.0,1928.0,1986.0,
Albert_Rivaud,1,1646.0,,1646.0,1646.0,1716.0,,0,,,,,,
John_Toland,2,1639.5,10.6066017178,1632.0,1647.0,1705.0,1.41421356237,0,,,,,,
Thomas_Paine,3,1677.66666667,41.1865673895,1632.0,1712.0,1745.66666667,37.8725934329,4,1866.25,60.1297208819,1817.0,1949.0,1942.25,58.26591342
David_Hartley_(philosopher),2,1671.0,55.1543289326,1632.0,1710.0,1750.0,65.0538238692,2,1807.5,48.7903679019,1773.0,1842.0,1873.0,52.3259018078
René_Descartes,7,933.714285714,746.513387754,-384.0,1548.0,992.857142857,748.003660546,39,1800.38461538,122.761560799,1588.0,1966.0,1839.0,119.013688559
Cleanthes,1,-334.0,,-334.0,-334.0,-262.0,,2,-112.0,236.173664916,-279.0,55.0,-35.5,241.123412385
Helmut_Wautischer,2,1903.5,28.9913780286,1883.0,1924.0,1981.5,17.6776695297,0,,,,,,
Alain_Finkielkraut,2,1906.0,0.0,1906.0,1906.0,1985.0,14.1421356237,0,,,,,,
Algernon_Sidney,0,,,,,,,1,1632.0,,1632.0,1632.0,1704.0,
Antonio_Negri,5,1768.8,208.078590922,1469.0,1930.0,1835.2,219.417866182,1,1948.0,,1948.0,1948.0,,
Hans_Köchler,3,1890.0,9.53939201417,1881.0,1900.0,1983.66666667,15.9478316185,0,,,,,,
Rabey_Hasani_Nadvi,1,1914.0,,1914.0,1914.0,1999.0,,0,,,,,,
Richard_J._F._Day,3,1906.0,18.0277563773,1891.0,1926.0,1967.33333333,26.3122278292,0,,,,,,
Peter_Kreeft,5,950.0,1257.85034881,-470.0,1902.0,1021.6,1263.1614307,0,,,,,,
Boethius,3,-51.3333333333,311.707127498,-384.0,234.0,16.0,316.35897332,2,947.0,186.676190233,815.0,1079.0,1009.5,187.383297014
Jonathan_Dancy,2,1909.5,45.9619407771,1877.0,1942.0,1971.0,,1,1976.0,,1976.0,1976.0,,
Ljubodrag_Simonović,2,1832.0,19.7989898732,1818.0,1846.0,1879.0,5.65685424949,0,,,,,,
Hannah_Arendt,8,1550.375,820.573656048,-470.0,1903.0,1627.0,823.651625385,9,1939.66666667,14.0890028036,1919.0,1965.0,1998.5,2.12132034356
John_Austin_(legal_philosopher),1,1748.0,,1748.0,1748.0,1832.0,,2,1923.0,22.627416998,1907.0,1939.0,1992.0,
Dimitri_Kitsikis,1,1712.0,,1712.0,1712.0,1778.0,,0,,,,,,
Abdolkarim_Soroush,1,1902.0,,1902.0,1902.0,1994.0,,0,,,,,,
Giovanni_Piana,1,1884.0,,1884.0,1884.0,1962.0,,0,,,,,,
Aurel_Kolnai,1,1838.0,,1838.0,1838.0,1917.0,,0,,,,,,
Michael_J._Shapiro,3,1930.33333333,8.38649708361,1925.0,1940.0,1989.5,7.77817459305,0,,,,,,
Julius_Evola,9,1769.88888889,198.207242832,1260.0,1886.0,1831.55555556,194.649114506,3,1943.66666667,18.009256879,1926.0,1962.0,2012.0,
Gabriel_Marcel,5,1855.8,25.8205344639,1813.0,1878.0,1925.0,42.9127020823,5,1922.2,36.6974113528,1874.0,1973.0,1983.0,30.8058436015
William_Alston,1,1710.0,,1710.0,1710.0,1796.0,,0,,,,,,
Vittorio_Hösle,2,1912.5,13.4350288425,1903.0,1922.0,1993.0,,0,,,,,,
Gabriel_Wagner,4,1633.25,27.1707563384,1596.0,1659.0,1687.75,30.2696217353,2,1652.5,9.19238815543,1646.0,1659.0,1712.0,5.65685424949
Claude_Lévi-Strauss,2,1876.5,27.5771644663,1857.0,1896.0,1947.5,48.7903679019,5,1932.6,18.9288140146,1901.0,1949.0,1991.33333333,10.5039675044
Karl_Brugmann,0,,,,,,,1,1859.0,,1859.0,1859.0,1934.0,
Douglas_Kellner,9,1907.88888889,18.0862132883,1885.0,1929.0,1982.55555556,14.9005965578,0,,,,,,
Kevin_Mulligan,1,1781.0,,1781.0,1781.0,1848.0,,0,,,,,,
Bernard_Williams,4,1869.0,105.378682221,1711.0,1926.0,1929.33333333,132.850793499,2,1940.0,9.89949493661,1933.0,1947.0,,
John_Hick,1,1711.0,,1711.0,1711.0,1776.0,,1,1949.0,,1949.0,1949.0,,
Saul_Kripke,2,1818.5,152.027957955,1711.0,1926.0,1776.0,,2,1938.5,17.6776695297,1926.0,1951.0,,
Simone_de_Beauvoir,8,1808.0,99.6852188499,1596.0,1905.0,1874.875,107.581779525,6,1938.16666667,26.4531031576,1905.0,1969.0,1983.33333333,25.1661147842
Shūzō_Kuki,1,1889.0,,1889.0,1889.0,1976.0,,0,,,,,,
Meher_Baba,3,1872.0,12.124355653,1861.0,1885.0,1937.0,10.5830052443,0,,,,,,
Richard_Aaron,1,1632.0,,1632.0,1632.0,1704.0,,0,,,,,,
Traian_Brăileanu,3,329.333333333,1310.71329181,-470.0,1842.0,396.333333333,1311.4390315,0,,,,,,
John_D._Caputo,6,1882.5,44.9299454707,1813.0,1930.0,1955.83333333,63.1867602166,2,1954.5,26.1629509039,1936.0,1973.0,,
Paul_Ricœur,7,1880.57142857,31.4051861049,1813.0,1906.0,1964.57142857,32.5313036057,7,1934.0,12.8062484749,1919.0,1957.0,2002.0,2.0
Olavo_de_Carvalho,6,1523.0,934.348114998,-384.0,1930.0,1513.0,1025.88717703,0,,,,,,
Pyrrho,0,,,,,,,5,263.4,831.91063222,-341.0,1711.0,397.0,941.120608636
Nancy_Cartwright_(philosopher),1,1941.0,,1941.0,1941.0,,,0,,,,,,
Mario_Javier_Saban,3,1403.0,412.34815387,1137.0,1878.0,1479.66666667,421.604474992,0,,,,,,
Anaximenes_of_Miletus,2,-617.0,9.89949493661,-624.0,-610.0,-546.0,0.0,0,,,,,,
Ernest_Gellner,2,1887.0,21.2132034356,1872.0,1902.0,1982.0,16.9705627485,1,1941.0,,1941.0,1941.0,1991.0,
Vladimir_Solovyov_(philosopher),2,707.0,1542.90699655,-384.0,1798.0,767.5,1540.78567621,6,1892.83333333,29.5663096559,1870.0,1947.0,1962.6,17.601136327
Keiji_Nishitani,1,1870.0,,1870.0,1870.0,1945.0,,0,,,,,,
Ibn_Dihya_al-Kalby,1,815.0,,815.0,815.0,883.0,,0,,,,,,
Roman_Jakobson,1,1857.0,,1857.0,1857.0,1913.0,,5,1915.8,15.6108936323,1901.0,1942.0,1993.75,15.3920975395
John_Daniel_Wild,3,1879.66666667,33.9754813554,1842.0,1908.0,1949.0,34.597687784,0,,,,,,
Edward_Said,10,1893.8,38.2616721479,1818.0,1930.0,1957.22222222,41.6316519543,4,1949.5,6.5574385243,1942.0,1958.0,2011.0,
Muhammad_Husayn_Tabataba'i,1,1571.0,,1571.0,1571.0,1640.0,,3,1926.33333333,20.8166599947,1903.0,1943.0,1978.0,
Giacomo_Leopardi,4,334.5,939.906910284,-341.0,1723.0,399.75,940.827782682,4,1864.0,59.9610985001,1788.0,1913.0,1928.75,60.3289593258
Anna-Teresa_Tymieniecka,2,1887.5,7.77817459305,1882.0,1893.0,1960.0,14.1421356237,0,,,,,,
Emmanuel_Levinas,9,1766.77777778,255.790821658,1137.0,1908.0,1832.55555556,258.431379244,25,1863.84,386.738680076,10.0,1980.0,1994.0,16.9901932498
Peter_Wessel_Zapffe,2,1816.0,39.5979797464,1788.0,1844.0,1880.0,28.2842712475,0,,,,,,
Duns_Scotus,1,-384.0,,-384.0,-384.0,-322.0,,9,1712.55555556,251.309127924,1287.0,1952.0,1751.25,260.256878597
Paracelsus,0,,,,,,,1,1575.0,,1575.0,1575.0,1624.0,
Al-Mutanabbi,1,525.0,,525.0,525.0,608.0,,0,,,,,,
"Sir_William_Hamilton,_9th_Baronet",1,1710.0,,1710.0,1710.0,1796.0,,2,1813.0,9.89949493661,1806.0,1820.0,1888.0,21.2132034356
Edmund_Burke,6,1319.66666667,835.907331387,-384.0,1712.0,1387.0,838.417557068,6,1859.33333333,64.3542280403,1753.0,1906.0,1939.66666667,73.9125609532
Nicos_Poulantzas,4,1883.0,44.7139053688,1818.0,1918.0,1947.5,48.7613234712,1,1942.0,,1942.0,1942.0,,
Erich_Fromm,5,1683.6,255.732868439,1260.0,1895.0,1743.2,255.746358723,0,,,,,,
Richard_Thomas_Alexander,1,1859.0,,1859.0,1859.0,1952.0,,0,,,,,,
Jan_Baudouin_de_Courtenay,1,1840.0,,1840.0,1840.0,1916.0,,0,,,,,,
Timothy_Williamson,0,,,,,,,1,1964.0,,1964.0,1964.0,,
Delia_Steinberg_Guzmán,1,1930.0,,1930.0,1930.0,1991.0,,0,,,,,,
Peter_Achinstein,1,1905.0,,1905.0,1905.0,1997.0,,1,1944.0,,1944.0,1944.0,,
Hélène_Cixous,2,1918.5,16.2634559673,1907.0,1930.0,2003.5,0.707106781187,1,1952.0,,1952.0,1952.0,,
Gayatri_Chakravorty_Spivak,7,1912.71428571,42.1810158156,1818.0,1936.0,1975.85714286,42.1205752233,0,,,,,,
Eoin_Ó_Broin,1,1935.0,,1935.0,1935.0,2014.0,,0,,,,,,
G._E._Moore,4,1824.0,76.6811580507,1710.0,1872.0,1904.0,75.0599760192,10,1899.3,30.3646358633,1859.0,1969.0,1970.66666667,16.3095064303
Thales,0,,,,,,,3,-588.333333333,20.2072594216,-610.0,-570.0,-523.0,25.8650343128
Narayan_Maharaj,0,,,,,,,1,1894.0,,1894.0,1894.0,1969.0,
Ghulam_Ali_Dihlawi,0,,,,,,,1,1962.0,,1962.0,1962.0,,
Charles_Fourier,1,1808.0,,1808.0,1808.0,1893.0,,10,1846.4,56.4667060212,1760.0,1951.0,1904.33333333,50.3363685619
Gualtiero_Piccinini,1,1966.0,,1966.0,1966.0,,,0,,,,,,
Enrique_Dussel,1,1906.0,,1906.0,1906.0,1995.0,,0,,,,,,
Apollonius_of_Tyana,1,-570.0,,-570.0,-570.0,-495.0,,0,,,,,,
Murray_Bookchin,6,1420.66666667,889.379933812,-384.0,1903.0,1489.33333333,894.199679415,1,1940.0,,1940.0,1940.0,,
Dawud_al-Zahiri,1,158.0,,158.0,158.0,233.0,,3,1389.0,440.196547011,1120.0,1897.0,1472.66666667,445.852367195
Jean_Bodin,1,1137.0,,1137.0,1137.0,1204.0,,3,1724.33333333,161.917674555,1583.0,1901.0,1795.0,173.493515729
Karl_Korsch,3,1817.33333333,3.0550504633,1814.0,1820.0,1884.66666667,9.60902353693,1,1943.0,,1943.0,1943.0,,
R._A._W._Rhodes,0,,,,,,,0,,,,,,
Alvin_Plantinga,2,1825.5,163.341666454,1710.0,1941.0,1796.0,,2,1940.5,12.0208152802,1932.0,1949.0,,
John_Stuart_Mill,16,1473.75,719.365229444,-384.0,1805.0,1542.5625,719.891748228,23,1892.34782609,49.0561910611,1811.0,1961.0,1956.89473684,48.6048634247
Al-Maʿarri,0,,,,,,,1,1889.0,,1889.0,1889.0,1973.0,
Guy_Debord,5,1853.2,74.3014131763,1740.0,1922.0,1931.2,79.9199599599,1,1961.0,,1961.0,1961.0,,
Franz_Rosenzweig,2,1845.5,45.9619407771,1813.0,1878.0,1910.0,77.7817459305,3,1911.0,15.1327459504,1899.0,1928.0,1984.66666667,11.0604400154
Jean_Cavaillès,1,1869.0,,1869.0,1869.0,1944.0,,1,1904.0,,1904.0,1904.0,1995.0,
Martha_Nussbaum,2,772.5,1635.53798488,-384.0,1929.0,840.5,1644.02326626,0,,,,,,
Martin_Buber,7,1829.71428571,29.5167426258,1803.0,1874.0,1889.57142857,28.8840044711,8,1919.125,25.7262373019,1886.0,1966.0,1978.83333333,27.5783731693
Mencius,1,-551.0,,-551.0,-551.0,-479.0,,6,1435.83333333,422.18309614,1017.0,1967.0,1399.8,377.346922606
Jacques_Derrida,8,1862.75,70.4145885858,1712.0,1924.0,1939.625,84.2342609292,28,1947.46428571,15.4019771286,1919.0,1980.0,1997.83333333,8.63519928355
Strato_of_Lampsacus,2,-377.5,9.19238815543,-384.0,-371.0,-304.5,24.7487373415,1,1647.0,,1647.0,1647.0,1706.0,
Hermann_Ulrici,1,1796.0,,1796.0,1796.0,1879.0,,0,,,,,,
J._P._Moreland,1,1949.0,,1949.0,1949.0,,,0,,,,,,
Peter_Hacker,2,1911.5,6.36396103068,1907.0,1916.0,1997.5,7.77817459305,0,,,,,,
James_Otteson,1,1723.0,,1723.0,1723.0,1790.0,,0,,,,,,
Alan_M._Olson,3,1898.66666667,15.0443787952,1883.0,1913.0,1992.0,19.9749843554,0,,,,,,
Jules_Lequier,1,1762.0,,1762.0,1762.0,1814.0,,3,1851.33333333,41.7891532976,1815.0,1897.0,1937.66666667,54.0955943986
Stephen_A._Webb,5,1908.2,50.8743550328,1818.0,1942.0,1966.0,55.8271140815,0,,,,,,
Emil_Lask,2,1855.5,10.6066017178,1848.0,1863.0,1925.5,14.8492424049,2,1887.0,2.82842712475,1885.0,1889.0,1973.5,3.53553390593
Horace_Romano_Harré,1,1911.0,,1911.0,1911.0,1960.0,,0,,,,,,
Yusuf_Islahi,0,,,,,,,0,,,,,,
John_Colet,2,1465.0,2.82842712475,1463.0,1467.0,1517.0,32.5269119346,1,1466.0,,1466.0,1466.0,1536.0,
Austin_Dacey,2,1831.5,170.412734266,1711.0,1952.0,1776.0,,0,,,,,,
John_Dewey,5,1818.6,60.5045452838,1712.0,1863.0,1878.0,59.0973772684,17,1919.05882353,19.398680974,1887.0,1951.0,1992.8,13.693469652
Friedrich_Schleiermacher,3,1723.0,79.0759128939,1632.0,1775.0,1781.66666667,92.824206613,6,1852.33333333,57.6217551509,1802.0,1945.0,1912.2,53.3029079882
Giorgio_Agamben,9,1644.44444444,761.070317236,-384.0,1930.0,1721.77777778,767.058631686,2,1960.5,6.36396103068,1956.0,1965.0,,
Bernard_Ryosuke_Inagaki,3,1127.33333333,1308.85344227,-384.0,1884.0,1209.66666667,1326.46459935,0,,,,,,
Takeshi_Umehara,2,1879.5,13.4350288425,1870.0,1889.0,1952.5,10.6066017178,0,,,,,,
Raymond_Williams,2,1904.5,19.091883092,1891.0,1918.0,1963.5,37.4766594029,2,1939.0,5.65685424949,1935.0,1943.0,2003.0,
Amin_Ahsan_Islahi,1,1857.0,,1857.0,1857.0,1914.0,,3,1947.66666667,11.1504857891,1935.0,1956.0,2006.5,4.94974746831
Roland_Barthes,2,1876.5,27.5771644663,1857.0,1896.0,1947.5,48.7903679019,3,1936.33333333,8.96288643983,1926.0,1942.0,1984.0,
Heinrich_Rickert,0,,,,,,,3,1885.33333333,9.07377172588,1875.0,1892.0,1943.66666667,30.664855019
Chantal_Mouffe,1,1888.0,,1888.0,1888.0,1985.0,,0,,,,,,
Stanley_Rosen,2,1871.5,38.8908729653,1844.0,1899.0,1936.5,51.6187950266,1,1948.0,,1948.0,1948.0,,
John_Joseph_Haldane,1,1710.0,,1710.0,1710.0,1796.0,,0,,,,,,
Fethullah_Gülen,1,1165.0,,1165.0,1165.0,1240.0,,0,,,,,,
Rosi_Braidotti,3,1927.66666667,3.7859388972,1925.0,1932.0,1989.5,7.77817459305,0,,,,,,
William_A._Earle,3,1868.0,49.244289009,1813.0,1908.0,1928.33333333,63.6343722632,0,,,,,,
Helen_Longino,1,1935.0,,1935.0,1935.0,,,0,,,,,,
Ernst_Bloch,1,1818.0,,1818.0,1818.0,1883.0,,2,1923.0,28.2842712475,1903.0,1943.0,1969.0,
Francisco_Suárez,2,441.0,1166.72618896,-384.0,1266.0,493.0,1152.58405333,8,1732.125,140.946228349,1583.0,1907.0,1800.0,149.69015618
Jules_Vuillemin,4,1887.5,28.5014619508,1861.0,1926.0,1969.25,15.903353944,0,,,,,,
Max_Stirner,3,1778.66666667,48.2735262161,1723.0,1809.0,1848.0,50.4777178565,19,1873.36842105,37.8127117461,1809.0,1951.0,1936.33333333,35.4284697749
Slavoj_Žižek,12,1873.16666667,101.924065615,1596.0,1947.0,1925.33333333,116.625468917,3,1973.0,10.0,1963.0,1983.0,,
Tom_Rockmore,3,1821.66666667,61.5819237547,1762.0,1885.0,1889.33333333,78.6913802988,0,,,,,,
Christian_Wolff_(philosopher),6,919.0,1075.99330853,-551.0,1659.0,981.666666667,1072.40079572,4,1726.75,14.997221965,1714.0,1743.0,1788.75,28.5
Simon_Critchley,13,1715.0,634.143516879,-384.0,1940.0,1686.77777778,757.478840922,0,,,,,,
Friedrich_Adolf_Trendelenburg,3,1047.0,1239.2945574,-384.0,1768.0,1111.66666667,1241.60393578,5,1835.6,14.010710189,1813.0,1848.0,1906.8,29.600675668
Leonard_Lawlor,1,1930.0,,1930.0,1930.0,2004.0,,0,,,,,,
Cornelius_Castoriadis,9,1625.0,755.258233984,-384.0,1930.0,1694.11111111,758.458542777,6,1934.0,8.43800924389,1925.0,1948.0,2002.66666667,7.50555349947
Hans_Lipps,1,1889.0,,1889.0,1889.0,1976.0,,0,,,,,,
Lorenzo_Peña,5,1793.6,100.632002862,1646.0,1908.0,1871.2,106.35647606,0,,,,,,
Thomas_Kuhn,7,1883.57142857,22.99896478,1859.0,1926.0,1952.5,22.5721066806,6,1927.83333333,5.26940856896,1922.0,1936.0,1990.66666667,16.5025250593
Joseph_A._Bracken,3,1866.66666667,27.9344470741,1842.0,1897.0,1952.33333333,45.2364160089,0,,,,,,
Émile_Armand,5,1806.8,25.5675575681,1772.0,1844.0,1868.0,24.1557446584,1,1959.0,,1959.0,1959.0,,
Ronald_Dworkin,4,1884.0,52.6181210864,1806.0,1921.0,1961.25,59.6510687247,2,1956.0,4.24264068712,1953.0,1959.0,,
Simon_Blackburn,1,1711.0,,1711.0,1711.0,1776.0,,0,,,,,,
Lucien_Jerphagnon,1,1903.0,,1903.0,1903.0,1985.0,,0,,,,,,
Abu_Jafar_al-Tahawi,0,,,,,,,0,,,,,,
Lucretius,2,-415.5,105.358910397,-490.0,-341.0,-350.0,113.13708499,7,1763.0,122.062825354,1592.0,1925.0,1826.14285714,129.751594173
Umberto_Eco,0,,,,,,,1,1961.0,,1961.0,1961.0,,
Étienne_Balibar,1,1818.0,,1818.0,1818.0,1883.0,,1,1940.0,,1940.0,1940.0,,
Norman_Malcolm,2,1704.5,153.442171517,1596.0,1813.0,1752.5,144.956890143,0,,,,,,
Thomas_Hobbes,7,1014.14285714,941.534461853,-384.0,1596.0,1077.0,939.155294223,18,1787.0,126.968731676,1623.0,1947.0,1838.375,131.603381416
José_Ortega_y_Gasset,3,1866.0,19.287301522,1844.0,1880.0,1921.33333333,18.903262505,5,1923.8,32.4299244526,1889.0,1968.0,1988.33333333,15.6950098227
Milič_Čapek,3,1854.0,10.4403065089,1842.0,1861.0,1932.66666667,19.8578280115,2,1937.0,16.9705627485,1925.0,1949.0,1995.0,
Muhammad_al-Tijani,1,1903.0,,1903.0,1903.0,1981.0,,0,,,,,,
Hypatia,1,-384.0,,-384.0,-384.0,-322.0,,0,,,,,,
Antarah_ibn_Shaddad,0,,,,,,,1,915.0,,915.0,915.0,965.0,
Luce_Irigaray,5,1906.8,14.9231363996,1889.0,1930.0,1983.4,16.7421623454,2,1955.0,1.41421356237,1954.0,1956.0,,
Léon_Brunschvicg,2,1564.5,44.5477272148,1533.0,1596.0,1621.0,41.0121933088,5,1893.4,10.310189135,1883.0,1905.0,1960.8,14.8559752288
Hans_Kelsen,2,1781.5,99.7020561473,1711.0,1852.0,1854.5,111.015764646,3,1921.33333333,23.1156512634,1907.0,1948.0,1998.0,8.48528137424
Susanne_Langer,3,1876.66666667,17.1561456433,1861.0,1895.0,1959.33333333,23.1156512634,1,1907.0,,1907.0,1907.0,1968.0,
Allan_Gotthelf,1,-384.0,,-384.0,-384.0,-322.0,,0,,,,,,
John_Passmore,2,1896.5,4.94974746831,1893.0,1900.0,1969.0,9.89949493661,0,,,,,,
Posidonius,1,-334.0,,-334.0,-334.0,-262.0,,1,-4.0,,-4.0,-4.0,65.0,
Theophilos_Kairis,3,1764.66666667,28.8675134595,1748.0,1798.0,1840.66666667,14.1539158304,1,1784.0,,1784.0,1784.0,1860.0,
Terry_Eagleton,4,1895.75,51.9382646354,1818.0,1926.0,1965.5,55.2961722605,0,,,,,,
Milan_Komar,4,1889.5,10.1488915651,1882.0,1904.0,1974.5,17.2336879396,0,,,,,,
William_H._Poteat,4,1885.0,48.0901930404,1813.0,1913.0,1949.0,65.2993108693,0,,,,,,
Bryan_Magee,4,1851.5,48.5077313425,1788.0,1902.0,1931.0,61.892379714,0,,,,,,
Rosalind_Hursthouse,2,768.0,1629.17402385,-384.0,1920.0,844.0,1648.97301373,0,,,,,,
Empedocles,2,-542.5,38.8908729653,-570.0,-515.0,-477.5,24.7487373415,4,219.0,1095.59329437,-485.0,1844.0,285.75,1085.433362
Brand_Blanshard,3,1861.33333333,19.2959408512,1846.0,1883.0,1934.66666667,25.7164020293,0,,,,,,
Muhammad_Iqbal,3,1502.33333333,604.820910132,804.0,1859.0,1571.66666667,604.544732285,10,1934.2,20.4602595835,1900.0,1973.0,2000.0,13.1909059583
Ferdinand_Fellmann,1,1833.0,,1833.0,1833.0,1911.0,,0,,,,,,
T._K._Seung,3,1799.0,149.662954668,1632.0,1921.0,1859.66666667,166.211712383,0,,,,,,
William_Petty,2,602.0,1394.4145725,-384.0,1588.0,678.5,1414.92066915,3,1737.0,74.9866654813,1670.0,1818.0,1802.0,75.7165767847
Odo_Marquard,0,,,,,,,0,,,,,,
Peter_Kropotkin,7,1808.0,16.3401346384,1772.0,1820.0,1872.57142857,18.446834804,6,1919.33333333,28.959742172,1869.0,1951.0,1971.33333333,33.1260219968
Josiah_Royce,2,1829.5,17.6776695297,1817.0,1842.0,1895.5,20.5060966544,6,1885.16666667,9.62115724155,1870.0,1897.0,1965.33333333,28.4018778722
Kuno_Fischer,0,,,,,,,1,1848.0,,1848.0,1848.0,1925.0,
Jan_Hus,1,1331.0,,1331.0,1331.0,1384.0,,1,1390.0,,1390.0,1390.0,1460.0,
Norman_Geisler,1,1884.0,,1884.0,1884.0,1978.0,,0,,,,,,
Rein_Raud,1,1932.0,,1932.0,1932.0,,,0,,,,,,
Dominique_Janicaud,1,1813.0,,1813.0,1813.0,1900.0,,0,,,,,,
Jeff_Stilwell,1,-372.0,,-372.0,-372.0,-289.0,,0,,,,,,
Patricia_M._Shields,2,1889.0,42.4264068712,1859.0,1919.0,1970.0,25.4558441227,0,,,,,,
Lev_Shestov,1,1844.0,,1844.0,1844.0,1900.0,,0,,,,,,
Norbert_Elias,0,,,,,,,1,1930.0,,1930.0,1930.0,2002.0,
Kostas_Axelos,4,1254.0,1193.02724194,-535.0,1889.0,1321.0,1198.01585966,2,1915.5,20.5060966544,1901.0,1930.0,1997.5,9.19238815543
Raya_Dunayevskaya,1,1818.0,,1818.0,1818.0,1883.0,,0,,,,,,
Émile_Chartier,0,,,,,,,3,1906.0,2.64575131106,1904.0,1909.0,1973.66666667,27.2274371422
Bob_Black,6,1843.66666667,58.219126296,1772.0,1926.0,1913.0,66.7323010243,0,,,,,,
Henry_David_Thoreau,1,1803.0,,1803.0,1803.0,1882.0,,2,1897.5,40.3050865276,1869.0,1926.0,1940.0,
Ernst_Cassirer,1,1775.0,,1775.0,1775.0,1854.0,,4,1900.5,5.0,1895.0,1907.0,1977.75,8.61684396981
Ruth_Millikan,1,1912.0,,1912.0,1912.0,1989.0,,0,,,,,,
Johannes_Nikolaus_Tetens,4,1673.75,28.3004711386,1646.0,1711.0,1738.5,32.0572404718,0,,,,,,
Harold_Arthur_Prichard,0,,,,,,,3,1899.0,22.0,1877.0,1921.0,1985.66666667,15.5670592384
Salomon_Maimon,3,1541.0,350.154251723,1137.0,1757.0,1604.33333333,347.192069802,2,1759.5,3.53553390593,1757.0,1762.0,1818.5,6.36396103068
Roy_Johnston,1,1818.0,,1818.0,1818.0,1883.0,,0,,,,,,
Keith_Ward,2,1809.5,176.069588515,1685.0,1934.0,1753.0,,1,1966.0,,1966.0,1966.0,,
Friedrich_Heinrich_Jacobi,8,1695.0,38.3070303134,1632.0,1730.0,1760.375,42.7147933558,6,1795.33333333,54.9278314397,1729.0,1889.0,1859.5,65.1943249064
Julien_Offray_de_La_Mettrie,1,1632.0,,1632.0,1632.0,1704.0,,1,1959.0,,1959.0,1959.0,,
Carl_Schmitt,9,1739.77777778,133.905542994,1469.0,1899.0,1807.77777778,133.064625068,15,1930.26666667,19.2927324091,1892.0,1962.0,1981.83333333,25.7014915261
Sergei_Bulgakov,1,1853.0,,1853.0,1853.0,1900.0,,0,,,,,,
David_Chalmers,3,1809.66666667,186.789542891,1596.0,1942.0,1810.0,226.27416998,1,1970.0,,1970.0,1970.0,,
Ady_Jean-Gardy,4,1848.75,57.0168103866,1788.0,1905.0,1917.75,69.6198008232,0,,,,,,
José_Carlos_Mariátegui,4,1855.5,30.8166621597,1818.0,1891.0,1923.5,29.6479341607,0,,,,,,
Hameeduddin_Aqil,1,1877.0,,1877.0,1877.0,1938.0,,0,,,,,,
Christopher_Hitchens,11,1856.27272727,99.2250884697,1632.0,1942.0,1909.0,111.073174079,0,,,,,,
Wilfrid_Sellars,3,1890.66666667,9.50438495292,1881.0,1900.0,1971.66666667,3.7859388972,9,1936.0,8.18535277187,1924.0,1950.0,2003.33333333,10.9696551146
Giordano_Bruno,2,1263.5,194.454364826,1126.0,1401.0,1331.0,188.090403796,4,1681.25,72.0156233049,1632.0,1788.0,1740.25,81.5858443604
Simone_Weil,2,1843.0,35.3553390593,1818.0,1868.0,1917.0,48.0832611207,4,1929.5,18.0462369115,1913.0,1953.0,1984.66666667,23.1804515343
Hans_Vaihinger,5,1811.8,42.4876452631,1748.0,1844.0,1877.6,31.0290186761,2,1910.5,41.71930009,1881.0,1940.0,1973.0,
William_Wollaston,2,1614.0,25.4558441227,1596.0,1632.0,1677.0,38.1837661841,0,,,,,,
Walter_Benjamin,6,1867.66666667,48.7510683644,1772.0,1903.0,1945.16666667,55.4632010135,8,1936.25,20.0908650173,1903.0,1953.0,1986.25,18.3552898824
Pino_Rauti,4,1903.75,26.6880122902,1886.0,1943.0,1970.0,17.3493515729,0,,,,,,
Richard_Popkin,3,1625.0,26.2106848442,1596.0,1647.0,1677.66666667,28.0059517484,1,1964.0,,1964.0,1964.0,,
Moinuddin_Chishti,0,,,,,,,0,,,,,,
Immanuel_Hermann_Fichte,3,1728.0,71.3582510996,1646.0,1776.0,1790.33333333,65.7748685543,1,1806.0,,1806.0,1806.0,1884.0,
Nicholas_Rescher,3,1722.0,120.552892956,1646.0,1861.0,1790.33333333,135.736263885,1,1973.0,,1973.0,1973.0,,
Gillian_Rose,2,1815.5,3.53553390593,1813.0,1818.0,1869.0,19.7989898732,1,1949.0,,1949.0,1949.0,,
Michael_Marder,5,1397.4,1002.39652833,-384.0,1930.0,1473.8,1011.0050445,0,,,,,,
Kenneth_Binmore,0,,,,,,,0,,,,,,
Kenneth_Waltz,2,1528.5,84.1457069612,1469.0,1588.0,1603.0,107.48023074,2,1951.0,5.65685424949,1947.0,1955.0,,
Al-Jahiz,0,,,,,,,1,1120.0,,1120.0,1120.0,1196.0,
Ian_Rumfitt,3,1909.33333333,55.1935986626,1848.0,1955.0,1968.0,60.811183182,0,,,,,,
Simon_Glendinning,4,1892.25,36.2985307324,1844.0,1930.0,1968.75,47.2960533942,0,,,,,,
Hilary_Putnam,9,1878.11111111,46.7478460585,1813.0,1940.0,1935.85714286,55.5740604102,4,1935.0,12.0277457018,1917.0,1942.0,2002.0,1.41421356237
Cesare_Cremonini_(philosopher),2,371.0,1067.73123959,-384.0,1126.0,438.0,1074.8023074,0,,,,,,
Bijan_Abdolkarimi,1,1889.0,,1889.0,1889.0,1976.0,,0,,,,,,
Mulla_Sadra,0,,,,,,,1,1903.0,,1903.0,1903.0,1981.0,
José_Guilherme_Merquior,7,1897.71428571,37.1380949328,1818.0,1927.0,1974.71428571,47.0910971264,0,,,,,,
Henry_Sidgwick,4,1771.25,50.842075751,1711.0,1820.0,1846.0,54.9969696135,5,1929.6,13.2400906341,1919.0,1946.0,2005.33333333,5.7735026919
Josiah_Warren,0,,,,,,,1,1806.0,,1806.0,1806.0,1873.0,
Nikolai_Berdyaev,3,1772.33333333,171.841011791,1575.0,1889.0,1832.33333333,184.076976652,2,1900.5,16.2634559673,1889.0,1912.0,1983.5,14.8492424049
Yaşar_Nuri_Öztürk,2,703.5,1659.57961544,-470.0,1877.0,769.5,1652.50854763,0,,,,,,
Albertus_Magnus__Albert_the_Great__1,4,725.0,741.179690314,-384.0,1137.0,784.5,740.744445361,2,1330.5,99.7020561473,1260.0,1401.0,1396.0,96.1665222414
Michel_Henry,2,1839.5,103.944696834,1766.0,1913.0,1914.5,127.986327395,0,,,,,,
Hipparchia_of_Maroneia,1,-365.0,,-365.0,-365.0,-285.0,,1,-334.0,,-334.0,-334.0,-262.0,
Michael_Walzer,5,1808.0,194.535343832,1469.0,1931.0,1841.75,215.139295961,1,1953.0,,1953.0,1953.0,,
Benedetto_Croce,8,1806.125,53.196233755,1712.0,1875.0,1872.75,55.3811468694,3,1886.66666667,10.214368964,1875.0,1894.0,1937.0,7.0
Ibn_Maḍāʾ,3,783.666666667,28.2901631903,760.0,815.0,849.0,46.5080638169,0,,,,,,
Kurt_Koffka,1,1848.0,,1848.0,1848.0,1936.0,,2,1907.5,0.707106781187,1907.0,1908.0,1964.5,4.94974746831
Alexander_Herzen,2,1760.5,68.5893577751,1712.0,1809.0,1821.5,61.5182899632,3,1885.33333333,37.5810235802,1842.0,1909.0,1966.0,39.8873413504
David_Gauthier,1,1588.0,,1588.0,1588.0,1679.0,,0,,,,,,
F._H._Bradley,4,1800.75,37.6950483043,1762.0,1836.0,1863.5,38.8286835557,5,1876.4,18.9947361129,1859.0,1901.0,1961.4,24.9859960778
Émile_Boutroux,1,1766.0,,1766.0,1766.0,1824.0,,1,1861.0,,1861.0,1861.0,1949.0,
Ibn_Battah,0,,,,,,,0,,,,,,
Gonzalo_Arango,1,1895.0,,1895.0,1895.0,1964.0,,0,,,,,,
Montesquieu,6,1266.66666667,809.582279121,-384.0,1638.0,1337.0,813.863379198,7,1764.0,70.1997150991,1711.0,1906.0,1832.42857143,69.5026549681
Joxe_Azurmendi,3,1840.0,71.0844568102,1767.0,1909.0,1910.66666667,81.5250472759,0,,,,,,
H._L._A._Hart,5,1827.2,67.1245111714,1748.0,1911.0,1899.4,63.1688214232,5,1934.8,9.01110426086,1921.0,1944.0,2007.66666667,5.50757054729
Paul_Feyerabend,4,1880.5,51.2087232152,1806.0,1922.0,1951.25,53.6368965048,4,1938.5,13.3041346957,1922.0,1954.0,1974.0,
Evandro_Agazzi,0,,,,,,,0,,,,,,
Wendy_Brown_(political_scientist),3,1888.66666667,61.2318000171,1818.0,1926.0,1933.5,71.4177848998,0,,,,,,
Anaximander,1,-624.0,,-624.0,-624.0,-546.0,,4,49.75,1226.34562148,-585.0,1889.0,119.5,1237.85957739
Fredric_Jameson,2,1860.5,60.1040764009,1818.0,1903.0,1926.0,60.811183182,2,1952.5,4.94974746831,1949.0,1956.0,,
Gary_Chartier,4,1943.25,14.174507634,1932.0,1964.0,,,0,,,,,,
Walter_Kaufmann_(philosopher),4,1854.5,32.6445503364,1813.0,1883.0,1922.25,54.8657452333,2,1938.0,11.313708499,1930.0,1946.0,,
Mario_Bunge,3,1899.0,7.21110255093,1891.0,1905.0,1984.0,13.5277492585,0,,,,,,
Louis_Althusser,8,1772.125,156.277626129,1469.0,1904.0,1839.5,166.625328207,11,1938.72727273,11.243584029,1921.0,1958.0,1989.8,9.41806774238
Christian_Jakob_Kraus,2,1726.5,4.94974746831,1723.0,1730.0,1789.0,1.41421356237,1,1767.0,,1767.0,1767.0,1835.0,
Porphyry_(philosopher),1,-384.0,,-384.0,-384.0,-322.0,,2,779.5,423.556961931,480.0,1079.0,833.0,436.991990773
Peter_Ludlow,1,1928.0,,1928.0,1928.0,,,0,,,,,,
Maurice_Halbwachs,0,,,,,,,1,1913.0,,1913.0,1913.0,2005.0,
Gilles_Deleuze,18,1688.0,475.91200373,-99.0,1930.0,1754.61111111,484.504736684,18,1947.05555556,12.1678081656,1926.0,1969.0,1994.0,11.1355287257
Johann_Gottlieb_Fichte,6,1699.0,68.6906107121,1596.0,1757.0,1757.83333333,75.279257878,15,1861.6,64.0209787045,1767.0,1943.0,1922.07692308,62.8178073724
Félix_Ravaisson-Mollien,6,1343.0,848.970670871,-384.0,1775.0,1405.0,849.499381989,8,1906.0,27.4069855537,1859.0,1937.0,1978.0,28.047578624
Aristotle,4,-502.5,28.4312035154,-535.0,-470.0,-441.0,33.674916481,96,1672.05208333,491.47347457,-371.0,1980.0,1662.66216216,537.721481021
Baron_d'Holbach,3,1670.66666667,71.5984171147,1588.0,1713.0,1746.33333333,58.4494083232,4,1830.75,90.4263051698,1748.0,1959.0,1850.0,28.7923600978
Michel_Bréal,1,1791.0,,1791.0,1791.0,1867.0,,2,1878.5,27.5771644663,1859.0,1898.0,1960.0,36.7695526217
Karl_Kautsky,5,1816.2,8.84307638777,1806.0,1828.0,1884.2,8.10555365166,1,1873.0,,1873.0,1873.0,1937.0,
Michel_Onfray,15,1379.06666667,924.593382958,-435.0,1926.0,1445.0,917.876586787,0,,,,,,
Diogenes_of_Sinope,2,-457.5,17.6776695297,-470.0,-445.0,-382.0,24.0416305603,4,877.5,1205.15932557,-365.0,1959.0,596.0,1181.02624865
John_Selden,1,1583.0,,1583.0,1583.0,1645.0,,3,1649.66666667,72.1410655129,1588.0,1729.0,1726.66666667,62.1798466815
Susanna_Schellenberg,2,732.0,1578.26233561,-384.0,1848.0,801.5,1588.86893733,0,,,,,,
György_Lukács,6,1838.5,25.2883372328,1813.0,1875.0,1898.0,25.8766303834,11,1929.36363636,19.267966822,1892.0,1958.0,1986.0,26.3312235442
Richard_J._Bernstein,10,1884.0,46.7380406569,1813.0,1931.0,1953.0,57.0657515503,2,1953.5,9.19238815543,1947.0,1960.0,,
Nikolay_Lossky,2,1850.5,3.53553390593,1848.0,1853.0,1907.5,10.6066017178,1,1882.0,,1882.0,1882.0,1950.0,
Pāṇini,0,,,,,,,2,1859.5,96.8736290226,1791.0,1928.0,1867.0,
Gary_Peller,2,1947.5,7.77817459305,1942.0,1953.0,,,0,,,,,,
John_Locke,7,1311.71428571,747.862891687,-384.0,1623.0,1377.71428571,749.644741258,31,1765.09677419,87.5843802051,1659.0,1953.0,1826.56666667,90.5266900378
Bernard_Gert,4,1798.0,147.799413621,1588.0,1921.0,1881.25,145.612213316,0,,,,,,
Thomas_Metzinger,0,,,,,,,0,,,,,,
Rose_Rand,3,1891.66666667,10.0166528009,1882.0,1902.0,1966.66666667,29.1433239925,0,,,,,,
Nathan_Salmon,1,1940.0,,1940.0,1940.0,,,0,,,,,,
Roberto_Torretti,1,-384.0,,-384.0,-384.0,-322.0,,0,,,,,,
Jean-Marie_Guyau,3,511.333333333,1150.50438214,-341.0,1820.0,589.333333333,1155.55022969,1,1907.0,,1907.0,1907.0,1968.0,
Wilhelm_von_Humboldt,2,1757.5,6.36396103068,1753.0,1762.0,1810.5,4.94974746831,5,1877.8,61.4955282927,1806.0,1941.0,1898.33333333,48.2735262161
Joseph_Dietzgen,4,1725.0,99.6326586349,1632.0,1818.0,1787.0,105.80170131,2,1836.0,25.4558441227,1818.0,1854.0,1910.5,38.8908729653
André_Gorz,1,1926.0,,1926.0,1926.0,2002.0,,0,,,,,,
David_Stove,2,1802.0,128.693434176,1711.0,1893.0,1869.0,131.521861301,0,,,,,,
Vojin_Rakić,0,,,,,,,0,,,,,,
Sebastian_Shaumyan,1,1857.0,,1857.0,1857.0,1913.0,,0,,,,,,
Peter_Singer,3,1854.33333333,58.2437407224,1806.0,1919.0,1925.0,68.0367547727,3,1954.66666667,11.9303534454,1941.0,1963.0,2003.0,
Pierre_Charron,2,846.5,970.857610569,160.0,1533.0,901.0,977.2215716,0,,,,,,
A._J._Ayer,4,1795.75,113.494126133,1685.0,1900.0,1869.0,121.048199766,4,1921.25,8.18026079454,1914.0,1933.0,2004.0,2.0
Benny_Lévy,5,1895.4,44.4499718785,1818.0,1930.0,1970.4,49.6215678914,0,,,,,,
Bernard_Stiegler,3,1912.66666667,20.5020324196,1889.0,1925.0,1986.66666667,9.71253485622,0,,,,,,
Tan_Malaka,6,1814.83333333,58.9590253198,1712.0,1891.0,1877.5,53.5042054422,0,,,,,,
Epictetus,6,-300.833333333,171.077078145,-470.0,20.0,-219.833333333,171.901619151,3,1837.66666667,34.5301800362,1798.0,1861.0,1887.66666667,50.5008250758
Bonaventure__Bonaventure__1,2,318.5,993.485027567,-384.0,1021.0,368.0,975.807358037,1,1401.0,,1401.0,1401.0,1464.0,
Dada_Maheshvarananda,1,1928.0,,1928.0,1928.0,,,0,,,,,,
Henri_Lefebvre,2,1871.0,74.9533188058,1818.0,1924.0,1946.5,89.8025612107,1,1931.0,,1931.0,1931.0,1994.0,
Michael_Dummett,2,1857.0,12.7279220614,1848.0,1866.0,1925.0,0.0,4,1955.0,10.8934230922,1942.0,1964.0,,
Bayazid_Bastami,0,,,,,,,1,1877.0,,1877.0,1877.0,1938.0,
Dallas_Willard,0,,,,,,,0,,,,,,
Javed_Ahmad_Ghamidi,2,1880.5,33.2340187158,1857.0,1904.0,1955.5,58.6898628385,1,1956.0,,1956.0,1956.0,2010.0,
Paul_de_Man,1,1930.0,,1930.0,1930.0,2004.0,,1,1942.0,,1942.0,1942.0,,
Donald_Davidson_(philosopher),4,1834.5,136.853936735,1632.0,1926.0,1882.33333333,178.45540993,5,1947.4,10.7144761888,1931.0,1956.0,2007.0,0.0
Juan_José_Sebreli,4,1878.25,40.8442162368,1818.0,1905.0,1954.0,47.8678737081,0,,,,,,
Charles_Maurras,4,1782.0,34.4577035412,1753.0,1823.0,1852.5,30.1606808058,2,1875.0,9.89949493661,1868.0,1882.0,1962.5,14.8492424049
Burton_Dreben,0,,,,,,,1,1908.0,,1908.0,1908.0,2000.0,
Ullin_Place,1,1900.0,,1900.0,1900.0,1976.0,,0,,,,,,
Michael_Devitt,1,1908.0,,1908.0,1908.0,2000.0,,0,,,,,,
Meister_Eckhart,2,1007.5,272.236110757,815.0,1200.0,1078.5,284.964032818,7,1839.14285714,195.669303138,1401.0,1973.0,1872.6,228.448681327
Othmar_Spann,0,,,,,,,1,1901.0,,1901.0,1901.0,1985.0,
Zeno_of_Sidon,1,-341.0,,-341.0,-341.0,-270.0,,0,,,,,,
Stephen_Mulhall,3,1876.0,57.6107628833,1813.0,1926.0,1915.5,85.5599205236,0,,,,,,
Julia_Kristeva,5,1909.4,13.6491757993,1895.0,1930.0,1983.0,12.0623380818,0,,,,,,
William_of_Ockham,3,653.666666667,903.49672569,-384.0,1266.0,709.333333333,897.009104376,4,1539.5,276.48327255,1323.0,1908.0,1604.0,292.469941475
Bernard_Bolzano,1,1646.0,,1646.0,1646.0,1716.0,,3,1882.33333333,59.4670777265,1848.0,1951.0,1930.5,7.77817459305
Georges_Dumézil,1,1832.0,,1832.0,1832.0,1915.0,,2,1934.5,12.0208152802,1926.0,1943.0,1984.0,
‘Abd_ar-Razzaq_as-San‘ani,0,,,,,,,0,,,,,,
Giuseppe_Mazzini,2,1732.5,28.9913780286,1712.0,1753.0,1799.5,30.405591591,2,1876.5,2.12132034356,1875.0,1878.0,1932.0,16.9705627485
William_Cleghorn,0,,,,,,,1,1723.0,,1723.0,1723.0,1816.0,
Zechariah_Chafee,1,1806.0,,1806.0,1806.0,1873.0,,0,,,,,,
Fazlur_Rahman_Faridi,0,,,,,,,0,,,,,,
Karl-Otto_Apel,3,1900.0,14.1774468788,1889.0,1916.0,1984.0,16.5227116419,1,1960.0,,1960.0,1960.0,,
Alexis_de_Tocqueville,2,1700.5,16.2634559673,1689.0,1712.0,1766.5,16.2634559673,3,1880.66666667,65.9570567364,1806.0,1931.0,1928.0,77.7817459305
Richard_Sylvan,0,,,,,,,1,1934.0,,1934.0,1934.0,2011.0,
Aleksei_Losev,1,1853.0,,1853.0,1853.0,1900.0,,0,,,,,,
Alexander_Pruss,2,1787.0,199.404112295,1646.0,1928.0,1716.0,,0,,,,,,
Alan_Watts,0,,,,,,,1,1932.0,,1932.0,1932.0,2007.0,
Averroes,1,-384.0,,-384.0,-384.0,-322.0,,7,1517.0,276.624293944,1137.0,1956.0,1578.85714286,268.817427865
Jakob_Schegk,1,-384.0,,-384.0,-384.0,-322.0,,0,,,,,,
Georg_Henrik_von_Wright,1,1880.0,,1880.0,1880.0,1936.0,,2,1930.5,12.0208152802,1922.0,1939.0,,
Christian_von_Ehrenfels,2,1845.5,10.6066017178,1838.0,1853.0,1918.5,2.12132034356,0,,,,,,
Estanislao_Zuleta,3,1852.33333333,39.1705671817,1818.0,1895.0,1915.66666667,42.7122152707,0,,,,,,
D._G._Leahy,2,1850.5,12.0208152802,1842.0,1859.0,1931.0,29.6984848098,0,,,,,,
Constantine_Sandis,1,1946.0,,1946.0,1946.0,,,0,,,,,,
Joseph_Maréchal,0,,,,,,,2,1905.5,2.12132034356,1904.0,1907.0,1976.0,11.313708499
Martin_Hägglund,1,1930.0,,1930.0,1930.0,2004.0,,0,,,,,,
Muhammad_Asad,1,1877.0,,1877.0,1877.0,1938.0,,1,1962.0,,1962.0,1962.0,,
Arthur_Prior,0,,,,,,,2,1935.0,7.07106781187,1930.0,1940.0,1997.0,
Hossein_Nasr,1,1903.0,,1903.0,1903.0,1981.0,,0,,,,,,
Nancy_Fraser,5,1935.8,9.78263768112,1926.0,1949.0,1984.0,,0,,,,,,
John_B._Cobb,2,1879.0,25.4558441227,1861.0,1897.0,1973.5,37.4766594029,1,1939.0,,1939.0,1939.0,,
Iris_Marion_Young,2,1927.5,2.12132034356,1926.0,1929.0,1984.0,,0,,,,,,
Henri_Bergson,6,1757.66666667,85.2447456836,1646.0,1842.0,1826.83333333,94.323733316,22,1894.72727273,27.7354540481,1837.0,1956.0,1968.47619048,28.1187109371
Anders_Chydenius,1,1632.0,,1632.0,1632.0,1704.0,,0,,,,,,
Ion_Dragoumis,10,1367.0,912.452982046,-384.0,1847.0,1429.4,910.482802327,0,,,,,,
Herbert_Spiegelberg,0,,,,,,,0,,,,,,
Takis_Fotopoulos,7,1548.42857143,853.41311941,-384.0,1922.0,1619.42857143,857.692419061,0,,,,,,
C._D._Broad,4,1809.5,118.458150135,1632.0,1873.0,1894.75,127.513071225,2,1909.0,1.41421356237,1908.0,1910.0,1991.5,3.53553390593
James_D._McCawley,2,1918.0,14.1421356237,1908.0,1928.0,2000.0,,0,,,,,,
Georges_Palante,3,1812.66666667,28.5890421899,1788.0,1844.0,1872.0,24.3310501212,3,1920.66666667,35.133080328,1890.0,1959.0,1941.0,26.8700576851
Ludwig_Feuerbach,2,1755.5,17.6776695297,1743.0,1768.0,1826.5,10.6066017178,8,1837.5,33.3894765286,1806.0,1897.0,1902.25,36.4564319232
Dimitris_Liantinis,2,730.0,1575.43390848,-384.0,1844.0,789.0,1571.1912678,0,,,,,,
Ramkrishna_Bhattacharya,2,1868.0,70.7106781187,1818.0,1918.0,1938.0,77.7817459305,0,,,,,,
"Victoria,_Lady_Welby",1,1859.0,,1859.0,1859.0,1941.0,,0,,,,,,
Max_Müller_(Catholic_intellectual),1,1889.0,,1889.0,1889.0,1976.0,,0,,,,,,
Confucius,0,,,,,,,9,1251.11111111,682.213207957,-372.0,1737.0,1320.88888889,678.785025697
Arthur_Schopenhauer,7,1665.57142857,86.7042043249,1548.0,1798.0,1727.14285714,88.6987947521,20,1900.6,40.3829041473,1833.0,1967.0,1954.93333333,43.1218649654
Michel_Serres,1,1884.0,,1884.0,1884.0,1962.0,,0,,,,,,
Norberto_Bobbio,2,1879.5,2.12132034356,1878.0,1881.0,1971.5,2.12132034356,2,1951.0,14.1421356237,1941.0,1961.0,2002.0,15.5563491861
Jean-Luc_Marion,5,1847.8,141.574008914,1596.0,1930.0,1923.0,152.947703481,1,1973.0,,1973.0,1973.0,,
Maurice_Blondel,2,1805.5,55.8614357137,1766.0,1845.0,1872.5,68.5893577751,0,,,,,,
Peter_Carruthers_(philosopher),1,1942.0,,1942.0,1942.0,,,0,,,,,,
Mary_Daly,2,1893.0,21.2132034356,1878.0,1908.0,1975.5,14.8492424049,1,1940.0,,1940.0,1940.0,2015.0,
Judith_Jarvis_Thomson,1,1920.0,,1920.0,1920.0,2010.0,,0,,,,,,
Patricia_Churchland,3,1853.66666667,124.717013007,1711.0,1942.0,1888.0,158.391918986,1,1942.0,,1942.0,1942.0,,
Justus_Buchler,0,,,,,,,1,1950.0,,1950.0,1950.0,,
Pierre_Hadot,3,1851.33333333,35.133080328,1813.0,1882.0,1938.0,36.5923489271,1,1926.0,,1926.0,1926.0,1984.0,
J._M._E._McTaggart,1,1836.0,,1836.0,1836.0,1882.0,,3,1904.66666667,27.7908857961,1873.0,1925.0,1994.0,31.192947921
Errol_Harris,2,1750.0,166.87720036,1632.0,1868.0,1807.5,184.55486989,0,,,,,,
Adamantios_Korais,1,1689.0,,1689.0,1689.0,1755.0,,2,1784.0,0.0,1784.0,1784.0,1856.5,4.94974746831
John_Gray_(philosopher),4,1851.0,62.8702367314,1788.0,1909.0,1930.0,73.5708275519,0,,,,,,
Susan_Neiman,1,1921.0,,1921.0,1921.0,2002.0,,0,,,,,,
Lorella_Cedroni,1,1909.0,,1909.0,1909.0,2004.0,,0,,,,,,
Alexander_Gottlieb_Baumgarten,2,1662.5,23.3345237792,1646.0,1679.0,1735.0,26.8700576851,0,,,,,,
R._Radhakrishnan,7,1903.28571429,31.9568160998,1844.0,1935.0,1966.42857143,37.5448937623,0,,,,,,
Adam_Schaff,1,1818.0,,1818.0,1818.0,1883.0,,1,1942.0,,1942.0,1942.0,,
Adam_Weishaupt,1,1723.0,,1723.0,1723.0,1789.0,,1,1932.0,,1932.0,1932.0,2007.0,
Mikhail_Bakunin,3,1812.66666667,4.72581562625,1809.0,1818.0,1876.66666667,10.115993937,6,1890.5,37.0067561399,1842.0,1940.0,1935.5,19.3304595565
Chrysippus,3,-349.333333333,30.0887575904,-384.0,-330.0,-271.333333333,46.7047463684,1,55.0,,55.0,55.0,135.0,
Jorge_Ángel_Livraga_Rizzi,0,,,,,,,1,1943.0,,1943.0,1943.0,,
African_Spir,3,1704.33333333,105.158610362,1596.0,1806.0,1766.33333333,111.813833372,4,1849.75,8.6554414484,1842.0,1861.0,1917.0,14.8099065943
Zhu_Xi,4,281.75,861.361470774,-551.0,1033.0,353.0,854.654706105,5,1772.4,115.224997288,1619.0,1895.0,1845.4,122.269374743
Abdel_Rahman_Badawi,1,1892.0,,1892.0,1892.0,1964.0,,0,,,,,,
Dieter_Henrich,1,1762.0,,1762.0,1762.0,1814.0,,2,1944.0,1.41421356237,1943.0,1945.0,1998.0,
Frithjof_Bergmann,3,1890.0,40.6324993078,1844.0,1921.0,1953.33333333,46.1880215352,1,1942.0,,1942.0,1942.0,2007.0,
Salman_Husaini_Nadwi,1,1914.0,,1914.0,1914.0,1999.0,,0,,,,,,
Muhammad_Taqi-ud-Din_al-Hilali,1,815.0,,815.0,815.0,883.0,,0,,,,,,
Richard_Avenarius,1,1711.0,,1711.0,1711.0,1776.0,,1,1842.0,,1842.0,1842.0,1910.0,
Paul_Kurtz,2,1880.5,30.405591591,1859.0,1902.0,1970.5,26.1629509039,0,,,,,,
Ch'ien_Mu,1,1130.0,,1130.0,1130.0,1200.0,,0,,,,,,
Alice_Crary,1,1926.0,,1926.0,1926.0,,,0,,,,,,
Crispin_Wright,2,1926.5,2.12132034356,1925.0,1928.0,2011.0,,0,,,,,,
Chris_Harman,3,1843.0,41.5812457726,1818.0,1891.0,1905.0,28.3548937575,1,1950.0,,1950.0,1950.0,,
Khalid_Masud,1,1904.0,,1904.0,1904.0,1997.0,,0,,,,,,
Patrick_Suppes,2,758.5,1615.73899501,-384.0,1901.0,831.5,1631.2953442,0,,,,,,
Ignacio_Ellacuría,1,1898.0,,1898.0,1898.0,1983.0,,0,,,,,,
Gilbert_Ryle,2,1692.0,135.764501988,1596.0,1788.0,1755.0,148.492424049,11,1922.18181818,11.4701192829,1910.0,1942.0,1996.77777778,15.9277884354
Jan_Mukařovský,1,1857.0,,1857.0,1857.0,1913.0,,0,,,,,,
Ernesto_Laclau,3,1871.66666667,62.3083728991,1818.0,1940.0,1898.0,21.2132034356,3,1960.33333333,11.5036226178,1949.0,1972.0,,
Bernard-Henri_Lévy,1,1906.0,,1906.0,1906.0,1995.0,,0,,,,,,
August_Leskien,1,1821.0,,1821.0,1821.0,1868.0,,3,1853.66666667,7.5718777944,1845.0,1859.0,1925.33333333,10.9696551146
Stephen_Neale,3,1904.33333333,28.9885034683,1872.0,1928.0,1979.0,12.7279220614,0,,,,,,
Muhammad_Tahir,2,1811.0,96.1665222414,1743.0,1879.0,1869.5,64.346717088,0,,,,,,
Karl_Ludwig_von_Haller,1,1753.0,,1753.0,1753.0,1821.0,,0,,,,,,
Jean-Michel_Berthelot,0,,,,,,,0,,,,,,
Thomas_Pogge,1,1921.0,,1921.0,1921.0,2002.0,,0,,,,,,
Michael_Martin_(philosopher),1,1917.0,,1917.0,1917.0,1981.0,,0,,,,,,
Arne_Næss,2,1760.5,181.726442765,1632.0,1889.0,1826.5,211.424927575,1,1934.0,,1934.0,1934.0,2011.0,
Nick_Land,5,1876.8,60.2552902242,1788.0,1930.0,1941.8,59.5751626099,0,,,,,,
Michael_Oakeshott,7,1443.14285714,812.732516181,-384.0,1858.0,1512.0,815.850885068,1,1948.0,,1948.0,1948.0,,
Delfim_Santos,1,1882.0,,1882.0,1882.0,1950.0,,0,,,,,,
Carl_Stumpf,2,1809.5,40.3050865276,1781.0,1838.0,1882.5,48.7903679019,1,1886.0,,1886.0,1886.0,1941.0,
Augustyn_Wróblewski,3,1831.66666667,31.785741038,1809.0,1868.0,1888.66666667,26.9505720409,1,1868.0,,1868.0,1868.0,1918.0,
Aleksandr_Dugin,6,1880.83333333,18.9569688154,1844.0,1898.0,1953.66666667,31.9165578762,0,,,,,,
Kitaro_Nishida,0,,,,,,,2,1912.5,17.6776695297,1900.0,1925.0,1990.0,
H._H._Price,1,1871.0,,1871.0,1871.0,1947.0,,0,,,,,,
Radoslav_Katičić,1,1905.0,,1905.0,1905.0,2001.0,,0,,,,,,
Friedrich_Engels,7,1441.57142857,872.498110245,-535.0,1809.0,1505.71428571,874.299093424,9,1904.88888889,42.3687515878,1842.0,1958.0,1965.42857143,33.7730520921
Wolfgang_Stegmüller,2,1915.0,9.89949493661,1908.0,1922.0,1998.0,2.82842712475,0,,,,,,
Sissela_Bok,2,1719.0,263.043722601,1533.0,1905.0,1786.0,274.3574311,0,,,,,,
Karl_Rahner,2,1883.5,7.77817459305,1878.0,1889.0,1960.0,22.627416998,1,1957.0,,1957.0,1957.0,,
Georg_Simmel,1,1833.0,,1833.0,1833.0,1911.0,,6,1895.66666667,13.5597443437,1874.0,1911.0,1973.33333333,24.549270186
Hans_Kamp,1,1914.0,,1914.0,1914.0,1969.0,,0,,,,,,
Stanley_Cohen_(sociologist),1,1926.0,,1926.0,1926.0,1984.0,,0,,,,,,
Adam_Smith,7,1379.71428571,778.538098893,-384.0,1712.0,1443.14285714,779.091870614,10,1811.3,81.0391537742,1711.0,1968.0,1841.75,41.482354252
Francis_Hutcheson_(philosopher),1,1632.0,,1632.0,1632.0,1704.0,,3,1727.33333333,18.876793513,1711.0,1748.0,1799.33333333,29.1433239925
Anthony_Kenny,2,1921.0,7.07106781187,1916.0,1926.0,2007.0,8.48528137424,0,,,,,,
John_Fiske_(philosopher),1,1820.0,,1820.0,1820.0,1903.0,,0,,,,,,
Roger_Crisp,1,1806.0,,1806.0,1806.0,1873.0,,0,,,,,,
Joseph_Owens_(Redemptorist),1,-384.0,,-384.0,-384.0,-322.0,,0,,,,,,
Alfred_Edward_Taylor,1,1846.0,,1846.0,1846.0,1924.0,,0,,,,,,
Joseph_Raz,2,1848.5,82.7314933988,1790.0,1907.0,1925.5,94.0452018978,1,1953.0,,1953.0,1953.0,,
Nicolas_Malebranche,1,1596.0,,1596.0,1596.0,1650.0,,8,1722.5,75.8080282217,1646.0,1883.0,1790.0,79.6169400496
Pherecydes_of_Syros,0,,,,,,,1,-570.0,,-570.0,-570.0,-495.0,
Arthur_Danto,4,1861.25,57.0460340427,1788.0,1908.0,1925.25,55.2893901817,0,,,,,,
Fernando_González_(writer),3,1845.66666667,58.5178035587,1788.0,1905.0,1913.33333333,61.1010092661,2,1933.0,2.82842712475,1931.0,1935.0,1983.0,9.89949493661
Edward_Abramowski,4,1828.25,25.6173769149,1809.0,1866.0,1891.0,21.3541565041,1,1866.0,,1866.0,1866.0,1913.0,
Samuel_Alexander,7,1822.85714286,85.3784293043,1632.0,1873.0,1894.57142857,100.389005279,2,1877.0,22.627416998,1861.0,1893.0,1954.5,10.6066017178
Alex_Callinicos,1,1942.0,,1942.0,1942.0,2009.0,,0,,,,,,
Jean-Luc_Nancy,1,1889.0,,1889.0,1889.0,1976.0,,2,1964.5,6.36396103068,1960.0,1969.0,,
Johannes_Scotus_Eriugena,1,480.0,,480.0,480.0,524.0,,2,1330.5,99.7020561473,1260.0,1401.0,1396.0,96.1665222414
Stuart_Hampshire,3,1816.66666667,159.92915098,1632.0,1910.0,1875.66666667,172.619041051,2,1937.0,5.65685424949,1933.0,1941.0,,
Antonio_Gramsci,4,1756.25,191.762657122,1469.0,1866.0,1826.25,200.480048883,11,1936.09090909,23.4881014365,1894.0,1964.0,1976.33333333,31.0333154314
Otto_Weininger,0,,,,,,,1,1898.0,,1898.0,1898.0,1974.0,
Jean-Paul_Sartre,12,1860.83333333,62.2251532499,1712.0,1913.0,1926.25,67.9974932693,23,1931.65217391,19.2722331952,1895.0,1967.0,1989.66666667,17.758968224
McKenzie_Wark,3,1892.66666667,64.6709620567,1818.0,1931.0,1961.33333333,68.1493458027,0,,,,,,
George_Sylvester_Morris,0,,,,,,,1,1859.0,,1859.0,1859.0,1952.0,
Philipp_Mainländer,1,1788.0,,1788.0,1788.0,1860.0,,0,,,,,,
Rudolf_Eisler,0,,,,,,,0,,,,,,
Matthew_Kramer,1,1931.0,,1931.0,1931.0,2013.0,,0,,,,,,
Daniel_Dennett,4,1915.5,13.699148392,1900.0,1928.0,1988.0,16.9705627485,3,1955.66666667,9.07377172588,1949.0,1966.0,2011.0,
Jean_Gebser,2,737.5,1586.0405102,-384.0,1859.0,809.5,1600.18264583,0,,,,,,
Srećko_Horvat,1,1949.0,,1949.0,1949.0,,,0,,,,,,
Israr_Ahmed,1,1877.0,,1877.0,1877.0,1938.0,,0,,,,,,
Gilles_Châtelet,2,1484.5,228.395490323,1323.0,1646.0,1549.0,236.173664916,0,,,,,,
