,values,score
0,"0.0267040800759*sees 0.0136910400111*anna-teresa 0.0136910400076*tymieniecka 0.00686417778265*a.-t. 0.00686417778265*tymieniecka, 0.00686417665204*mcguire, 0.00686417648412*'origins' 3.76676234705e-05*relationship 3.73236126538e-05*letters 3.73189506216e-05*book",-5.44119742658
1,0.0466291279698*articles 0.020191731181*dummett 3.81531981624e-05*frame 3.79067976448e-05*p. 3.79067835424e-05*sahlqvist 3.79067029972e-05*other 3.79065559276e-05*called 3.79063259691e-05*also 3.79061846851e-05*work 3.79061756253e-05*new,-9.35919654668
2,"0.0137053102754*statue 0.00720866825709*oakley 0.00720866766142*crathorn 0.00720866746814*ordination 3.91900963982e-05*p. 3.91898484043e-05*also 3.91897247447e-05*new 3.91893686022e-05*& 3.91888505382e-05*after 3.91888292974e-05*press,",-13.2935323169
3,"0.00736206292372*should 0.00736206276254*vailati 4.00213130762e-05*other 4.0021272056e-05*""a 4.00212638718e-05*essays 4.00212562522e-05*york 4.00212425065e-05*first 4.00212425e-05*new 4.00212298098e-05*university 4.00212225516e-05*work",-16.0398514296
4,0.0258286053714*also 0.0257023362935*other 0.0251725379378*works 0.0233910635586*first 0.0222632427924*their 0.0217327955484*p. 0.0183491714649*work 0.0174675353298*university 0.0171066454666*new 0.0167790393855*most,-17.615679659
5,0.0107091043834*took 0.00963752947908*following 0.00950408388965*led 0.00891086828673*after 0.00848967020118*under 0.00838949287817*during 0.0081988051098*became 0.00816173847546*military 0.00806832060151*p. 0.0080122631685*political,-18.0674038374
6,"0.0219197830634*caliph 0.0219000124135*governor 0.0187246073455*umayyad 0.0181520831657*ali's 0.0181520831532*abbasid 0.0181520811323*hasan 0.0166290400016*ali, 0.0157619544138*bakr 0.0147378914886*rahman 0.0147378909395*muawiyah",-19.6944795795
7,0.0169007533965*life 0.0162579228258*published 0.0148370957513*first 0.0146393260902*after 0.0140029214778*new 0.0134318500157*also 0.0133739956297*retrieved 0.0132316488453*other 0.0130639460477*book 0.0112956639934*work,-21.1750182939
8,0.0107912835934*out 0.00976532294166*no 0.00894936581917*own 0.00894611033877*then 0.00880536859417*part 0.00875064623346*them 0.00849183576574*before 0.00840032372203*time 0.00832178069227*made 0.00823308075115*over,-23.3294004134
9,"0.0462974803178*1971 0.0267555427804*rahman 0.0158607730786*azam 0.0158607730343*star. 0.0153692822573*pakistan 0.0109245910248*motorcycle 0.0109245899364*1971, 0.00625911694644*after 0.00622114343531*pakistan, 0.00587568015209*september",-26.3226451903
10,"0.025979738244*phenomenon 0.0193380535329*sumner 0.0193380534575*sumner, 0.0134670108445*pp. 0.00833354948424*4 0.00667798844407*jonas, 0.00667798830445*hastings 0.00667798769126*report 3.72826777845e-05*university 3.72319166598e-05*philosophy",-28.4521808188
11,0.0484469287287*catholic 0.0379346521058*pope 0.0316381799647*thomas 0.0310608781292*von 0.0301106967204*de 0.0297855719754*john 0.0252337328787*paul 0.0248142292581*church 0.0240571058579*peter 0.0217941746658*history,-28.8486948334
12,0.031155746249*retrieved 0.0172479243488*january 0.0170901582463*2012. 0.0164242419503*november 0.0161283763295*june 0.0159203821531*2013. 0.0158787180709*february 0.0157750682113*march 0.0157414990682*september 0.0155715246289*april,-30.190727278
13,0.00833290081953*government 0.00830415494693*war 0.00701910080049*support 0.00684018787402*civil 0.00645761206975*second 0.00594446032618*united 0.00537536228837*national 0.00529405105816*conference 0.00519276473842*history 0.00512251939467*against,-30.3328685071
14,0.0321220760306*rationality 0.027397800048*celestial 0.0268740072022*presentation 0.0169700580598*question 0.0111867054*considerations 0.00603868983402*work 0.00586834427595*works 0.00573464290704*human 0.00567662106033*people 0.00567107238794*october,-31.0754433163
15,"0.0319528736497*fifth 0.0214843815438*trinity 0.015991446829*assembly, 0.0158364430665*pérez 0.01101458568*referendum 0.00552230858912*pentland 0.00552230854588*mahaffy 0.00552230804844*voted 0.0055223079662*rates 0.00552230795457*universal.",-31.2109856199
16,0.0303466059629*c. 0.0271382784714*e. 0.0269070537234*h. 0.0265699381289*f. 0.0249209816443*j. 0.0240957036084*a. 0.0224749103794*g. 0.0210393883522*l. 0.0209166845433*george 0.019942242846*robert,-31.8055746898
17,0.0258389951178*st. 0.0234035893522*holy 0.0226920337242*alexandria 0.0220995290735*church 0.019738013546*saint 0.0196352699564*roman 0.0185368574152*leo 0.0180667870147*orthodox 0.0171453701262*gregory 0.0169859653908*ii,-33.0292762289
18,0.0934620193889*socialist 0.0879757582183*party 0.0632313213998*socialism 0.0577797843362*communist 0.0574312027704*social 0.0554910565225*democratic 0.0473469063638*international 0.0390563672117*labor 0.0321277617161*america 0.0318675616902*new,-34.0095469542
19,"0.0234949610654*commune 0.0190763509719*hours 0.0177958118148*presses 0.0151161801727*publishing 0.0141995079156*gallimard 0.0141995075143*visitors 0.0141995072589*meditations 0.0132425607066*religion 0.0131086157018*books, 0.00493997589716*theory",-34.3322578124
20,0.0286850708727*movie 0.0274142018255*films 0.0239799316575*(2001) 0.0187810994*sound 0.0166483762835*(2007) 0.0159935433203*(1986) 0.0134568730098*walt 0.012883742626*little 0.0113474101415*(1995) 0.010925837464*(1980),-35.7116175614
21,"0.00889347990381*center 0.00812858016214*17, 0.00763636029523*bill 0.00745882350143*including 0.00742361241609*14, 0.0073410788799*washington 0.00733557405649*state 0.00732284335532*states 0.0073109448289*22, 0.00717355973499*see",-35.9490982078
22,0.0684262163458*german 0.0576146854302*friedrich 0.0389580813377*von 0.0377947997287*works 0.0350088649494*johann 0.0289558369854*heinrich 0.0264521551224*georg 0.0260612592554*work 0.0251277863594*first 0.0238066732953*published,-36.0919962353
23,0.0243955789609*stone 0.0202122393416*och 0.0202122386769*humanism 0.0202122384701*feuerbach 0.0164106114238*hell 0.0122152608802*german) 0.0122152603797*tribune 0.0122152603517*isaacson 0.0122152602526*albany 0.0118067260201*niels,-36.7639026364
24,0.0213402480208*anarchism 0.0209835780441*free 0.0199538103276*revolution 0.0182137470671*social 0.0172206285343*anarchist 0.013934599603*their 0.0131487753397*democracy 0.0129550505648*politics 0.0117229154145*such 0.0113287756463*state,-36.8296180211
25,0.025717430808*knowledge 0.0217190751766*theory 0.0214357038866*philosophy 0.0157279996354*philosophical 0.0151446471881*does 0.0148641587737*thought 0.0142931768242*related 0.0139951985631*other 0.0130032993895*will 0.0127813787163*also,-37.0841734633
26,0.12654180596*greek 0.0803098813071*diogenes 0.0660936156348*ancient 0.0404235231834*philosophers 0.0400873767734*kings 0.0300087958631*c. 0.0298991336819*philosophy 0.0250767636705*also 0.0247518159675*zeno 0.0245806026652*university,-37.5707255858
27,0.0213026162031*mathematics 0.0201420014254*mathematical 0.017790310946*university 0.0174901679721*theory 0.0164102574537*science 0.0160244698117*j. 0.0159877583593*scientific 0.0159204924431*john 0.013692167894*also 0.0126298562324*research,-38.3738794742
28,0.0455694985104*florence 0.0300734285319*medici 0.0299096529256*hassan 0.0240410134747*egyptian 0.0229709958745*cairo 0.0215479658522*villa 0.0173870933636*family 0.0151972382175*also 0.0140892139645*university 0.0130225083656*de',-39.3953035264
29,0.0297549165815*jane 0.0200095900653*agency 0.0148941652798*dispositions 0.0148941652793*reflexive 0.0148941651321*argue 0.00667197176831*structures 0.00553156740311*february 0.00542302951392*same 0.0053797021262*john 0.00514338571794*&c.,-39.7901868327
30,"0.0196919720521*philosophical 0.0193115645442*nature 0.0184664008879*philosophy 0.0183531616217*human 0.0174677248753*philosophy, 0.0162629193773*being 0.015260597323*things 0.0140306322218*press, 0.0139575857414*our 0.013167719084*other",-40.4140724954
31,0.076444394321*christian 0.0686794748797*theology 0.0677432853658*god 0.0660258552169*religious 0.0581257527862*religion 0.0491302711666*william 0.0335433001591*theological 0.0334827869438*church 0.0319191456609*john 0.0271399390179*christianity,-40.4224152768
32,0.0280677134288*publications. 0.0138240441938*baker. 0.0138240425458*cycle 0.0136239025248*progressive 0.0135053688154*p. 0.00952173133316*raven 0.00651898831033*culture 0.00557787388142*& 0.00500047621833*edited 0.00495895829357*practice,-41.3218466389
33,0.0920021055838*vol. 0.0853779060046*pp. 0.0651090675546*no. 0.0634613785185*p. 0.0609330360764*new 0.050203025688*york: 0.0464823464669*university 0.0407116158792*& 0.0283577544249*in: 0.0278173644291*works,-41.9051018031
34,"0.0394256378776*n. 0.0246604498983*scholarly 0.0185760533359*ontos 0.0156827218268*verlag, 0.0150823613589*nicholas 0.0148186559782*revue 0.0124897373202*philosophie, 0.0115733100994*international 0.0115296486896*process 0.011037040534*2006.",-42.0931730428
35,0.0349223833782*cannot 0.0226800042267*absolute 0.019487401511*reality 0.0156348604646*idealism 0.0151783457592*external 0.0140235624484*present 0.0109160979318*literacy 0.0103310518988*way 0.00961624866578*must 0.00956993722347*also,-42.2644396941
36,"0.0319498640626*cardinal 0.0248879968135*roman 0.0235668238024*constantinople 0.0182159749733*ii 0.0175408725557*liturgical 0.0155953652019*stephen 0.014571675265*ii, 0.0145566167487*catholicism 0.0134278191816*john 0.0129434708734*papal",-42.4559057102
37,0.021114164851*experience 0.0133763058297*thinking 0.0130959211202*itself 0.0113254552538*subject 0.0101940791767*school 0.00972435251811*child 0.00938510059268*study 0.00904660043335*thus 0.00858078200269*own 0.00852869274469*through,-42.7911328454
38,"0.0543819547257*ralph 0.0372194260463*pakistan. 0.0366251006098*department 0.0183314892322*genoa 0.00633039247591*philosophy), 4.27564495995e-05*1971 3.48556062973e-05*january 3.44571658852e-05*jamaat-e-islami 3.44477550141e-05*party 3.44290236271e-05*philosophy",-43.2090761871
39,0.0447428483256*ibn 0.0389816387605*abu 0.0344196894826*century 0.0333722891858*al-din 0.0317299998432*medieval 0.0284404490739*muhammad 0.0260641161972*arabic 0.0247140661948*islamic 0.0214991870787*ali 0.0180919996426*abū,-43.2093370183
40,"0.0251026456836*spd 0.0217180863533*1973, 0.0181550103154*jstor 0.0179863316114*legislation 0.0146033749043*universals 0.0146033745152*raised 0.0146033742245*disabled 0.014599445517*families 0.0132137649689*metaphysics 0.0111200452582*relations",-43.2921402199
41,0.0186306943532*military 0.0129567971479*invasion 0.0124297803236*service 0.011596102111*foreign 0.0114348400097*doctrine 0.0111218380049*u.s. 0.0111193578597*soviet 0.0105873047119*operation 0.0102794792113*policies 0.00996340509688*relations,-44.2263927352
42,"0.0342417738377*un 0.0284822269091*ce 0.017213225506*jaime 0.0172132249562*kim's 0.0172132214899*kim 0.0125962542352*around 0.0118561333985*søren 0.0118561332978*kierkegaard, 0.011720975555*rousseau 0.0114979384952*coup",-44.2859817124
43,0.0538771913522*louis 0.0361947336513*jean 0.0333583670571*charles 0.0315736483252*prince 0.0291214532675*françois 0.0280209797784*antoine 0.0270147386113*von 0.0266611286087*marie 0.0255021558817*pierre 0.0241742182671*jun,-44.6517298071
44,"0.0272683278171*northwestern 0.0191277725656*narrative 0.0191276766927*limits 0.0165117181379*treatment 0.0158399898796*( 0.0158399856131*physicians 0.0129323772913*1970, 0.0128607180577*dc 0.0122342903987*use 0.010770067396*p.",-44.7738246386
45,0.0185977378308*performance 0.0184615250601*performed 0.0146219259904*theosophical 0.0132999441618*recorded 0.0132999076167*songs 0.013283096421*titled 0.0132272878227*released 0.0128175319223*concert 0.0120455755884*don't 0.01184145309*album,-44.8832367797
46,0.0372723744592*music 0.0238227286375*musical 0.023451413237*completed 0.022555363651*section 0.0190530836804*piano 0.017295971908*composed 0.0171406663152*composer 0.013181744834*first 0.0125089833653*therefore 0.0111303857797*also,-45.6885431151
47,0.0633037878123*muslim 0.0612535713319*islamic 0.0591885745025*muhammad 0.0446601893311*ali 0.0390931581079*islam 0.0370457748314*also 0.0273429668995*retrieved 0.0272979356314*pakistan 0.0272190714845*after 0.026025736171*muslims,-45.9862076436
48,0.0206994443933*resistance 0.0157285521816*gandhi 0.015650597776*(2007). 0.0119144761582*leadership 0.0109687550911*satyagraha 0.0109275986913*vegetarian 0.0109275978368*representation 0.0106959936187*king 0.0101123179276*empire 0.0096916702911*well,-46.4104329277
49,"0.0488241365083*baptist 0.0247266983421*ernst 0.0126768795982*cheng 0.00635571550595*(chinese: 0.00635571550595*hao 0.00635571550595*bloch, 0.00635571550595*baptists 0.00635571550595*hope 0.00635571550595*bloch 0.00635571503525*nitze",-46.4371496161
50,0.0361486607778*2008 0.0273822613222*center 0.0160326849789*income 0.0158612869292*reserve 0.0140609522402*member 0.013844788241*tax 0.0126441069145*international 0.0125238729609*october 0.0124972334199*criticized 0.011328427795*war,-46.5997821502
51,0.0528271624753*social 0.0443100755562*sociology 0.0367164204635*society 0.0360151781358*theory 0.0282802210568*new 0.0237984151272*sociological 0.0210038032033*university 0.0194735076822*academic 0.0187693961074*critical 0.018497587009*political,-46.6314575318
52,0.0469090293515*animal 0.0389247073817*animals 0.0253531836364*rights 0.0250593055846*more... 0.0237904021384*human 0.0200294644568*should 0.0191765846584*views 0.0171878560573*· 0.0170761647679*thomas 0.0159547255596*ethics,-46.6469095616
53,"0.0189995924849*encyclopædia 0.0153656620513*caused 0.0139201725935*1974, 0.0138611449207*result 0.0114690562871*treaty 0.0114361594763*powers 0.0102051164658*empire 0.00997449683166*movement 0.00985501549924*athens, 0.00981492576287*greek",-46.7710605024
54,0.0348899329616*first 0.0332072956685*history 0.0327705340095*william 0.0315561070798*john 0.030320946686*national 0.0293177566807*english 0.0264224039424*life 0.0246310869199*robert 0.024140234*after 0.0234493460194*england,-46.8462371245
55,"0.0323778779125*swedish 0.0243874909459*trans 0.0201955809767*mansfield 0.0163970973475*union, 0.0163970966012*""sir 0.0129823283182*lecture 0.0122052020382*johan 0.0122052014501*gabler 0.0122052008638*due 0.0121203838211*king's",-46.8647481692
56,0.18566106542*und 0.0978214298167*die 0.0761293668135*des 0.0616410366794*von 0.0465981791134*german 0.0351825876798*das 0.0301080711711*philosophy 0.0246219128615*hans 0.0239995669135*university 0.0229998358456*karl,-46.9679606946
57,0.0185058065198*prophets 0.0185055590798*(2003). 0.0148430089487*lane 0.0131016480173*epistles 0.0129213158235*medina 0.0129213146769*(arabic: 0.0129213144891*umm 0.0129205432215*scripture 0.0118488689783*architectural 0.011755389071*abdullah,-47.3853562687
58,"0.0331410774848*gustave 0.0222826323946*(oxford, 0.0165861075215*littlefield, 0.0165861067815*pater 0.0122075535486*novel 0.0060061170494*& 0.00582151202337*david 0.00578269167454*richard 0.00572766544828*teaching 0.0057276620156*solomon",-47.5220506232
59,0.0313656416747*fascist 0.0218682072786*fascism 0.0187660141265*debates 0.0155403778251*dialectic 0.0155403777147*schmitt 0.0155403776478*superior 0.0154621736993*positive 0.0129567421225*war 0.0118319515784*(january 0.00986938416476*forms,-47.9239096048
60,0.00741636495547*hodgskin 4.03168669638e-05*thomas 4.03167871468e-05*social 4.03167178791e-05*libertarian 4.0316696117e-05*political 4.03166502681e-05*libertarianism 4.03166450847e-05*socialist 4.03166395063e-05*anarchism 4.03166243133e-05*my 4.03166197941e-05*economics,-48.6304990048
61,0.0418686528786*founder 0.0407316527317*basel 0.0291847125837*delle 0.0121485531377*nae 0.012148553115*ionescu's 0.00629809473805*j. 0.00629167316312*met 0.00609083228773*acquitted 0.00609083228773*stefano 0.00609083228773*chiaie,-48.7144773
62,"0.0218766586827*individual 0.0159978111918*different 0.0134230679995*through 0.0126338210926*development 0.0125474667985*system 0.0123628880439*society, 0.0119407763729*within 0.010710184215*own 0.0104134511767*developed 0.0100887308209*human",-48.8112250631
63,"0.052782606357*club 0.020285374081*khomeini 0.0164699926525*iran, 0.013020227472*seen 0.012259461856*serie 0.012259461856*aristippus 0.012259461251*withdrawal 0.0122594612426*mohamed 0.0122594612297*iran–iraq 0.0122594593574*(2001),",-49.0191474477
64,0.176959936154*indian 0.0577209543096*sanskrit 0.0465547281498*chandra 0.0385420866549*movement 0.0314139774397*bengal 0.0234679480817*calcutta 0.019503994832*; 0.0195030014454*bengali 0.00597212093979*college 0.00505698573145*society,-49.0284485742
65,"0.0604599408912*orwell 0.00696824445717*al-tijani 3.84655733432e-05*british 3.81636787679e-05*september 3.81308571274e-05*2013. 3.78848792713e-05*ukip 3.78847807891e-05*sunday 3.78840060686e-05*hitchens, 3.78836947512e-05*retrieved 3.78828373311e-05*peter.",-49.2642900215
66,0.0364977749752*experiments 0.0257519116492*position 0.021198662974*electric 0.0207194135482*light 0.0198957630909*scientists 0.0196840268317*laboratory 0.0182666532986*discovered 0.0168291738921*church 0.016379850207*space 0.0161627984101*known,-49.5064135455
67,"0.0297334071573*'the 0.0253739071111*relations, 0.025373762815*degree 0.0214217700423*sally 0.0170603217675*ismail 0.0170603198504*zai 0.0134858241912*research 0.0126988735938*dera 0.012698873185*'a 0.0126988731188*mutual",-49.6706446237
68,0.0208817814528*health 0.020485816114*really 0.0202595506718*ignatius 0.0199844562639*student 0.0179399138855*york: 0.014807302498*person 0.0147991506246*new 0.0147144006627*mental 0.0136766557864*contributions 0.0128757896507*university,-49.8737730235
69,0.0503975157685*du 0.0370870770317*jacques 0.0362895767861*france 0.024695533955*à 0.0179153713539*pierre 0.0175336413876*marquis 0.0164732952866*françois 0.0153992253864*« 0.0134628802667*jean 0.0128124953861*first,-50.1163588001
70,0.0512492578581*new 0.0488049607802*american 0.0461222829123*university 0.0263449359298*also 0.0231905737943*social 0.0222755953888*york 0.0220851948849*political 0.0192802896017*book 0.0183072444958*york: 0.0180542600617*review,-50.1824413617
71,"0.0902545400545*virtue 0.0417671360393*den 0.0321948134613*allama 0.0230683574841*stockholm 0.0187295356728*milan 0.0139413552559*aires, 0.0139413549242*anders 0.0139413548869*totalitarian 0.00782143741634*also 0.00715968048726*ethics,",-50.3575193827
72,"0.088228271519*jamaat-e-islami 0.0375908253708*abul 0.0327241520075*ottoman 0.0234472454073*lahore, 0.023447245358*qazi 0.0234472451582*ala 0.0107201075231*believed 0.00717734487974*islamic 0.00630896423629*education 0.00489342641056*elmalılı",-50.6224067983
73,"0.0750970649297*master 0.0284226537474*buddhism 0.0245578453518*exist 0.0244480584774*buddhist 0.0235379271591*tibetan 0.0191912048258*trans., 0.0175254215588*hopkins 0.00972210392661*empty 0.0064022024619*press. 0.00622601773765*texts",-50.7932054606
74,0.0156483842495*treaty 0.0144288041932*federal 0.0133909393366*politics 0.0129533855864*adams 0.0123690319256*college 0.0116143325705*jr. 0.0112213959136*america 0.0110287519004*old 0.0106515717125*elected 0.0102714667426*presidential,-50.9797283671
75,0.0525541297529*iraq 0.0510654683695*iraqi 0.0459203492367*revolutionary 0.035095075007*hussein 0.0324235014218*2003 0.0266001308856*ba'ath 0.0257546919291*saddam 0.0193988083737*+ 0.0148779998094*ba'athist 0.0144908234519*command,-51.0738937956
76,0.0472542341022*voice 0.00706619472958*sphaerus 3.84151894315e-05*university 3.8414099608e-05*περὶ 3.84139825497e-05*school 3.84139729586e-05*diogenes 3.84138932926e-05*political 3.84138778246e-05*& 3.84138365079e-05*— 3.84137737064e-05*·,-51.2730717095
77,0.0224377265199*anderson 0.0167015516665*observation 0.0167015304375*obligation 0.0115037023739*rest 0.0109653879903*elisabeth 0.00625213140635*oxford 0.00599269500097*our 0.00582278867008*arthur 0.00576752847348*lask 0.00576752847348*considerant,-51.276409289
78,0.0325647426566*canadian 0.0249205761265*1. 0.024577543493*giving 0.0216083744669*religion. 0.0212653402223*effective 0.0176101015159*divorce 0.0156661616732*small 0.0146638099927*critique 0.0109113296945*university 0.0106426618948*votes,-51.4901210625
79,"0.0330794139123*artist 0.0328426199715*art, 0.0315233626426*art 0.0314815760001*artists 0.027399097268*artistic 0.0264373606297*museum 0.0250897440307*exhibition 0.0218758834473*portrait 0.0208027962809*art. 0.018648905692*indonesia",-51.7760604371
80,0.02190933758*hannah 0.0216736494351*ein 0.0146108000435*pleasure 0.0146107899517*jerome 0.0146106798517*gods 0.0120993927716*pain 0.012099391795*immanuel 0.0113705244485*condition 0.00982367317875*arendt 0.00942406237215*civil,-51.9637794447
81,0.0295144860277*distribution 0.0225893445737*brothers 0.0184095604566*map 0.0184095602704*deborah 0.0149470134225*cause 0.0149469903067*judith 0.0149469900995*grey 0.0111264803471*documentary 0.0111258124281*thomson 0.0111258124281*wiesel,-52.2942116225
82,0.0105178054722*purpose 0.0103642072351*probably 0.0098820937818*earlier 0.00931217735796*specific 0.00926733798954*poets 0.00761918289652*different 0.00685864604252*possible 0.00675142207866*ii 0.00618201849086*text 0.00616486470739*young,-52.3976834238
83,"0.0210129856351*1983, 0.0199747956476*(archived 0.0196998406243*posthumous 0.0146119193729*journey 0.0143901247769*tribes 0.0141151696565*geometry 0.0141151696565*lionel 0.0141151661849*remains 0.0141104362029*monastery 0.0128005199242*wayback",-52.6027415797
84,0.0217419030226*herodotus 0.0217418498252*greeks 0.018692127321*canadian 0.0158706328044*either 0.0158423927908*canada 0.0155761399504*mechanics 0.0154408035883*toronto 0.0131348788269*george 0.0126482740891*extended 0.0123555531132*political,-53.1209061571
85,0.0335496847163*president 0.0311961320464*party 0.0308452923682*united 0.0214462992989*american 0.0196698506568*war 0.0187320618249*democratic 0.0177638709357*states 0.0175566712189*conservative 0.0173735385239*bush 0.0158716877553*october,-53.1861103094
86,0.0278337417338*alan 0.0221590688476*comic 0.0218540471452*neil 0.0156586854283*execution 0.0156586840398*comics 0.0134967208512*2007. 0.0131988231158*le 0.0127135138195*yes 0.0127134566934*“the 0.0115974378117*character,-53.2438080387
87,0.0512390535433*cultural 0.0479757077578*culture 0.0211546156519*historical 0.0210557362185*race 0.0156468876622*european 0.014763274759*new 0.0145263401976*sexual 0.0140095634778*anthropology 0.0136034425482*history 0.0124963647451*many,-53.5090576403
88,0.0674061826879*peter 0.0617775081212*john 0.0524737398518*philosophy 0.0426687880615*university 0.0416721729528*theory 0.0346727069798*a. 0.0341379307266*language 0.0335586082927*press. 0.0323514904033*david 0.0308996594816*/,-53.8514141379
89,0.0257142449043*renaissance 0.0254937281122*socrates 0.0219667078045*trial 0.0203582111613*military 0.0129711707941*athens 0.0123682589822*century 0.012122791602*against 0.0118053165108*classical 0.0111308320367*— 0.0108405254259*(the,-53.8626059747
90,0.0172160990667*warren 0.0169152764299*harry 0.0155223747637*singh 0.0142441993582*khan 0.0134135253127*ram 0.01336282793*j 0.0115407332478*education 0.0101586427092*social 0.00992777367438*independence 0.00979816533065*mahatma,-53.8825040682
91,"0.0459311132746*hasan 0.0230142253436*festival 0.0176572761994*salman 0.01710639455*satanic 0.0117825505991*ul 0.00596907321862*iran 0.00592994685461*works 0.00590733232626*chernyshevsky 0.00590733188513*rushdie, 0.00590733187551*rushdie's",-54.1137291144
92,0.0915255119027*economic 0.0570348349688*economics 0.0553669457856*journal 0.0422591171438*university 0.0385069190433*political 0.0341001891188*theory 0.0326175640947*social 0.0309160971122*press 0.0304459567753*economy 0.024415387067*cambridge,-54.3298599526
93,"0.0851761698016*marxist 0.0729366522675*karl 0.0705985127187*marx 0.0584815466658*marxism 0.0574917950185*class 0.0301988455457*marx's 0.0270720762573*page 0.0247458179086*marx, 0.0230033118984*ideology 0.0204491419093*philosophy",-54.4853905512
94,0.0477820922909*ibn 0.0343919148287*abu 0.0318965514862*• 0.0316634151341*/ 0.0294941810961*hadith 0.0291049174898*muhammad 0.0259974436969*islamic 0.024563062432*bin 0.022499195748*jurisprudence 0.0219474595815*sunni,-54.6489218661
95,0.0587003505421*empirical 0.0429807127432*science. 0.0385636315152*method 0.0338817002261*evolution 0.0297221652898*whether 0.0248735789635*evolutionary 0.0199035716616*very 0.0182856122751*cannot 0.0180127412192*karl 0.0167686140612*rationalism,-54.7546932764
96,"0.155556070627*paris: 0.106355050541*à 0.0572147742602*gallimard, 0.0286120401275*raymond 0.0123067954502*calmann-lévy, 0.0099206444906*london: 0.00847668024631*opium 0.00847667994245*agrippa 0.00748394223689*political 0.00437736816206*&",-54.7805825092
97,0.0783504972501*mystical 0.0483506647949*bernard 0.0196083551287*ma 0.0145955062923*voluntary 0.0145955056166*spivak 0.00899725703267*theory 0.00520806737266*alexander 0.00510820810188*/ 0.00510508430737*second 0.00507851057886*a.,-54.993242481
98,0.0794328848404*edinburgh 0.0221002434012*marcus 0.0158275468*li 0.0133562758647*classics 0.0133562758647*record 0.0133562758647*argentina 0.0133562758647*felipe 0.0133562758647*commentary 0.0132290363545*external 0.00964097978411*david,-55.607594089
99,"0.0362053119141*9, 0.0190335995152*2, 0.0184243745704*larry 0.0172297258227*23, 0.0160390103419*city, 0.0159501858359*taylor 0.0138775058756*episode 0.0123749982199*(may 0.0109966101059*(december 0.0102022004134*(january",-55.6397124277
100,"0.0967090849668*sufi 0.0508547827451*ahmed 0.0488385858042*naqshbandi 0.0449502511586*muhammad 0.0407222267995*khwaja 0.0323775069297*shah 0.0323096459517*bukhara, 0.0297864867692*shaikh 0.0241822967326*buried 0.0188410754481*uzbekistan.",-55.929455948
101,"0.0213287436124*georgia 0.0193217919786*technique 0.0188347580482*critique 0.0162466532682*racial 0.0150990935261*reasons 0.0128852299319*administrative 0.0128852298015*polity 0.0108782784843*griffin, 0.0108218866904*(2006) 0.0106740456816*new",-56.5035618486
102,0.0246180981704*associated 0.0155306404542*2004 0.0139745087967*institutions 0.0128522493728*2009). 0.0118269281462*youth 0.0113446101913*2005). 0.0113161906103*stated 0.0112082521757*cnn. 0.0107754268886*influential 0.0102380643628*audience,-56.542109475
103,0.0406493201893*myth 0.0304689535234*structure 0.0186665923376*mythical 0.0152758982145*work 0.0148660949322*12th 0.0140122515575*integral 0.0136041647023*published 0.0135101452295*university 0.0113705091084*william 0.0110655982504*tarot,-57.1049048187
104,"0.0240544419671*north 0.0200375511436*former 0.0196985669575*vietnam 0.0149676614622*lodge 0.0135844325826*ordered 0.013476665277*forced 0.0133631162456*25, 0.0130845220643*killed 0.0127170282665*soviet 0.0123934760595*1966,",-57.1077859821
105,"0.0234522530526*laërtius, 0.0182195269964*names 0.0180307787553*syndicalism 0.0180307665597*una 0.014639450904*hastings 0.0144226750055*plant 0.0135030335404*un 0.0132226760622*cynic 0.0112923013913*will 0.0108968960411*brooklyn",-57.3190868484
106,0.131539306459*jewish 0.0525975199856*hebrew 0.0408905195063*judaism 0.0331599244447*ben 0.0277881545325*rabbi 0.0269272017226*abraham 0.0246593929517*religious 0.0228722245325*ibn 0.0194843779145*moses 0.017351163371*torah,-57.3852504953
107,"0.0191777127277*production 0.0191301353977*industry 0.0189243430593*composition 0.0160223476055*music, 0.0147444627582*music. 0.0129632106709*proletarian 0.0129557258178*2004. 0.0118764954*marshall 0.0111762091841*2001. 0.0109761663578*lenin",-57.5004156332
108,"0.0221949710839*facts 0.0180972458241*ethics, 0.0180881362439*viking 0.0178085198906*kind 0.0174798936067*problems 0.0147925058347*aspects 0.0146596011851*kinds 0.0112839213503*pattern 0.0109315743194*stevenson 0.0109315743194*imperative",-57.7014415707
109,"0.0661581928113*oxford 0.0542909516209*philosophy, 0.0456710273414*university 0.0417041520924*philosophy 0.0333065528904*philosophical 0.0313308996793*pp. 0.0267369604562*press, 0.0229075520238*ed. 0.0186597144335*college, 0.0170251062782*j.",-58.0336358398
110,0.0903600417212*georges 0.0607945254623*michel 0.0532402931222*writers 0.0340058436791*newspaper 0.0219684245685*ought 0.0174956784226*→ 0.0145871510213*jacques 0.0129505084924*(the 0.0124902194921*books. 0.00895432245635*also,-58.1822411021
111,"0.0361921649085*eric 0.0291037984747*blackwell, 0.0200230787304*basil 0.0198833018139*events 0.0179514196987*university 0.0150876633712*new 0.0145486869019*works 0.0127387166368*stephen 0.0127332184056*other 0.0117075134418*ecology",-58.323044156
112,"0.0337079924422*bruno 0.0278262993258*speculative 0.024484540504*johnson, 0.0138140878483*1979. 0.0112464838937*rambler 0.0112464836499*methodological 0.0112464835942*christina 0.00902020952767*home 0.00837133565369*harman, 0.00837133565369*latour",-58.3988629054
113,0.0172016746086*islam 0.0167877635627*university 0.015858535339*islam. 0.0153022296451*religious 0.0137602993392*new 0.0137383758356*science 0.0125560680999*also 0.0110359070445*jihad 0.0106585967172*thought 0.0105726897348*against,-58.8329054181
114,"0.0361236530168*derrida, 0.032760087024*derrida 0.0278421512046*technology, 0.0161970717999*telephone 0.0124211536538*writing 0.0120563124881*israeli 0.0120563124698*williamson 0.0120563123034*jean-pierre 0.0120563122442*jean-luc 0.0120563122359*(fall",-58.8891444354
115,0.0232080495427*labour 0.0224560121149*results 0.0174960907101*attacks 0.017150965527*commons 0.0153780252957*exchange 0.0146218711372*margaret 0.0140009379969*saying 0.013775102383*parliament 0.0125361560032*telegraph. 0.0125361558941*poll,-59.1365690797
116,"0.0386616823445*gustav 0.0316020941425*society. 0.0287922061735*für 0.0278361492283*postmodern 0.022381025343*carl 0.0193399261246*zeitschrift 0.0187779125445*available 0.0163276167005*1: 0.0156617385164*mark 0.0135963848012*""on",-59.1482498042
117,0.0519697743164*don 0.0315119391604*lebanese 0.0245517963022*mahmud 0.0195332284018*2nd 0.0184198770467*spain 0.0175916530678*ammonius 0.0129693182484*plotinus 0.0114125191228*spanish 0.0108511606326*general 0.0106315105581*lebanon,-59.2089004661
118,0.0265580134262*remarks 0.0230282005548*nicolas 0.0193880293707*wittgenstein 0.0187672124761*wittgenstein's 0.0187450885106*sex 0.0161386198248*also 0.0152373735608*archives 0.0152373733335*duc 0.0152373652819*jean-baptiste 0.0130317180363*english,-59.3623550176
119,"0.0304309918353*england 0.0277620809894*married 0.0233753056286*dictionary 0.0201581387338*henry 0.0196520552612*thomas 0.0185301782933*england, 0.0170167661127*oxford 0.0165589351722*lord 0.0160018914409*john 0.0150433403584*(united",-59.9437453203
120,0.027875289525*(2008) 0.0259422929754*air 0.0221467468088*(2014) 0.021704974894*(2012) 0.018898361583*francesco 0.0184561302569*(2010) 0.0159548287206*ed 0.0159548282178*περὶ 0.0157272954809*stoic 0.0156499762836*iii.,-60.2468794256
121,0.0613989924625*anarchism 0.0572328793822*freedom 0.0570960231804*free 0.054728957679*libertarianism 0.0545646499916*libertarian 0.0363560912656*liberalism 0.0317925502022*de 0.0261750963782*political 0.0260780726858*market 0.0226758440586*isaac,-60.6868090566
122,0.0270997340303*chamber 0.021999660038*acts 0.0176378187039*experience 0.0165653283212*proposed 0.0163715152567*“ 0.0160958549239*present 0.0157529844425*above 0.0147740155737*beyond 0.0146492047811*my 0.0138216512714*simple,-61.213690388
123,"0.0343930268595*cognitive 0.0280899038255*(ed.), 0.0231837892304*linguistics 0.0215952123145*university 0.0176079653903*reprinted 0.0175476723441*new 0.0171585232557*(eds.), 0.0156806434998*also 0.0143219268365*linguistic 0.0137020220726*van",-61.276309549
124,"0.041017132907*abstract 0.0378109661772*authors 0.0296721133836*matter 0.0273624739875*metaphysics, 0.0169036937275*multiple 0.0165056618488*editions, 0.011368772955*rasa'il 0.0113687476473*purity 0.00569988207091*pages). 0.0056998817858*security:",-61.672539924
125,"0.0216771494518*business 0.0181385154499*smith, 0.016374731529*money 0.0128540792559*academic 0.0125505998077*financial 0.0114953168728*rate 0.0110570366902*lewis, 0.0102534464772*drug 0.00964949808964*great 0.0095829444716*capital",-61.686169164
126,"0.0249232570774*romanian 0.0214965429665*(""the 0.0176276916831*turkish 0.0156743631831*ion 0.0153328890526*traditional 0.0117213658205*during 0.0110346361107*editura 0.011034629685*(2010). 0.0110343545913*romania 0.0109476766704*i,",-62.2336722904
127,"0.0320731050144*mirza 0.0267779237128*help 0.0242528124189*citations 0.021933220402*claim 0.0195795172397*article 0.0189548158221*ahmadiyya 0.0189548152575*please 0.0186939002947*jesus, 0.0186939002718*eduard 0.0180694209835*improve",-62.5199691886
128,0.141244261635*poetry 0.101311605613*poems 0.0730489072916*poet 0.0644367551057*poem 0.0274308808136*love 0.0193684925404*also 0.0185657315963*literary 0.0163375904621*image 0.0152872056477*mario 0.0142974508371*life,-62.9725257963
129,"0.0279303839446*(1997). 0.0223553931501*democracy, 0.0166402926638*dog 0.0115340410979*classical 0.00790970816402*cynic 0.00627892180688*ed. 0.00574637387918*éric 0.00574637387918*weltsch 0.0057463735121*fotopoulos' 0.00574637349948*cassell",-63.0311133464
130,"0.127024575565*psychology 0.0593789357301*research 0.0572000764119*psychological 0.0551862679006*therapy 0.0550202155362*behavior 0.034591712957*psychology, 0.0284018445676*university 0.027381648894*film 0.0225008123457*applied 0.0202611439715*carl",-63.0607140527
131,"0.0224793076227*reason 0.0183874999775*tradition 0.0148945466562*scholars 0.014430840546*interpretation 0.0109435236534*form 0.010400775006*rational 0.00936240768336*view 0.00930673508708*approach 0.00928447228768*richard 0.00919561771863*1993,",-63.0913776919
132,"0.0636851243623*aesthetics 0.0507367769688*graham 0.0402792662326*murder 0.0350836350858*ron 0.0151920462047*scruton 0.0136000721988*pagan 0.0111189534179*mathematics 0.00524625241254*erdős 0.00524625240301*ramsey 0.00524625204094*""roger",-63.1530712103
133,"0.0247095208084*red 0.0238144988659*rand 0.01910071133*ayn 0.0143869378499*determinism 0.0143861810433*ukrainian 0.0137816314055*bolshevik 0.012146086153*ukraine 0.0119140083859*grammatical 0.0119140080774*rand's 0.0116578638838*15,",-63.2902046488
134,"0.0371481654832*studies, 0.0200527231266*dark 0.0173875334868*said: 0.0141702574658*brief 0.0133541589157*house 0.0120827857821*palestine 0.0119814702948*palestinian 0.0115050383645*east, 0.0115050382615*interviews 0.0115050378102*romanticism",-63.4350502264
135,0.0284658591259*workers' 0.0268099190554*portal 0.0217680129501*simon 0.0165101306118*communism 0.0152246725033*democracy 0.0150434849198*revolution 0.012893889801*- 0.0110174055093*mikhail 0.0106377443539*red 0.0102960781783*scientific,-63.6556353779
136,"0.0189809793179*kinetic 0.0189806090882*energy 0.013073728448*milan, 0.00670784150572*rome, 0.00662288417296*pontifical 0.00657203379124*thomas 0.00655468275974*studies 0.00655468076535*fabro 0.00655468034137*dunayevskaya 0.00655468033826*emirs",-64.0041006456
137,"0.236288166924*de 0.122864259688*et 0.109730380093*french 0.103273360486*le 0.0652180588503*les 0.0611863123984*des 0.0451754898641*paris, 0.0416664926762*: 0.0279072753684*paris 0.0273916713844*sur",-64.1451782314
138,0.0258066386114*website 0.0255617410944*global 0.0242177409381*technological 0.0223506262308*technology 0.017969300598*it's 0.0177535677076*2005 0.0170040842514*daniel 0.016252943558*street 0.0160498778888*research 0.0152519704491*media,-64.2333547543
139,0.0487174081936*member 0.0394702764531*london 0.0362457804878*british 0.0353548872982*sir 0.0315509499798*lord 0.0302039377546*irish 0.0301981353562*succeeded 0.030002357547*earl 0.0278981387937*preceded 0.0269701237975*duke,-64.3065983581
140,0.0270617701304*analytic 0.0205995286266*gottfried 0.0153233815924*virtual 0.0153233727982*figure 0.0150306016059*paradigm 0.0129003142774*third 0.0122879913336*school 0.0122035647268*hacker 0.0122035641828*1973. 0.0120770267115*feminine,-64.4780386884
141,0.0188340255602*personality 0.01483610387*(1): 0.0114487284907*water 0.0114487235634*qualities 0.011179484279*ego 0.0110115869736*(2): 0.0101055682645*freud's 0.0100783144412*(2011). 0.0100150356885*(3): 0.00996648592617*doctoral,-64.7275116226
142,"0.0822250796155*iranian 0.0759117196593*iran 0.056626511319*mohammad 0.0467789853637*reza 0.0244134747552*tabrizi 0.0237068444475*20, 0.0227756736051*mawlana 0.0221155337425*nancy 0.0190211938564*jean-luc 0.017743262321*political",-64.9953908817
143,"0.0260152449841*davis 0.0250559241876*women 0.0238871127129*star 0.0227944551346*madrid, 0.0192436819453*gender 0.0188712213216*tv 0.0180131930866*new 0.0156774664132*prayer 0.0153260096097*amina 0.0138597824376*-",-64.9978937263
144,0.0457557238035*republic 0.0384927749629*adam 0.0304864944706*nationalism 0.0296515963224*nations 0.0267031430885*siege 0.0212633901006*yugoslav 0.0212633897927*croatian 0.0212633888924*coalition 0.0212633832326*massacre 0.0210768968405*camp,-65.4012487241
145,"0.046294951937*capitalist 0.0266779724513*uk: 0.0250904920398*dialectical 0.0224275063396*material 0.0216153416143*experiences 0.019388976857*proletariat 0.0146040587779*и 0.0125638573078*political 0.0123293897985*(""on 0.012113259054*modernist",-65.4361131296
146,"0.0475890699128*urdu 0.0322622732164*heart 0.0290555064497*joan 0.0223944664991*mir 0.0190834469422*seuil, 0.016261522061*oil 0.0160458894879*1997. 0.015819339647*rise 0.0129674655075*con 0.0111010110976*1997",-65.7432362514
147,"0.0441736776267*syrian 0.0361838818834*ba'ath 0.0337799404915*syria 0.0312244219477*notre 0.027683604751*dame 0.018101141478*party, 0.0179226658012*nationalism 0.0173926282647*salah 0.0173551470237*aflaq 0.0170603036559*roberto",-66.2287754829
148,"0.0975772373124*pierre 0.0671676981818*collective 0.0380883323262*psychical 0.0341320947721*psychic 0.0218536813338*hypothesis 0.0210342024801*proceedings 0.017077982601*lévy 0.0149259936017*society 0.0127120228113*price, 0.0127120228113*afterlife",-66.2668115863
149,0.0243690199106*modal 0.0219583270903*killed 0.0195454840657*arnold 0.0147219629044*stefan 0.0145495441199*palestinian 0.0134120334314*abdullah 0.0125755427317*brother 0.0124289243992*hero 0.0121914466233*gutenberg 0.0119318593085*palestine,-66.4262588868
150,0.0583436037741*ad 0.0361092079211*(on 0.029892598371*cf. 0.0246070246926*philip 0.0187804253502*suicide 0.0154078838646*m. 0.0111330787595*curve 0.0111330787595*ervin 0.00879201399112*- 0.00874643677691*lucius,-66.4359793155
151,0.050021977555*tom 0.0378424067995*dar 0.0330034382329*(a 0.0221900894138*iain 0.0221900797664*hamilton 0.00575219588502*george 0.00570387421117*morteza 0.00570387421117*huntington 0.00570387421117*-e- 0.00570387421117*dzieje,-66.5686584998
152,0.028230752378*san 0.0195242600708*historic 0.0181023488449*kennedy 0.0165331739918*ann 0.0147314364583*magic 0.0135420903423*houghton 0.013542090236*phillips 0.0135420635497*christians 0.0134587676237*king 0.0128759712353*park,-67.3014676198
153,"0.0331278918831*publishers, 0.0290823140166*claude 0.0202451670482*friendship 0.0197992965771*ou 0.0185328355659*du 0.0175981616755*france 0.0167730656848*system 0.0158109464235*doctor 0.0154175772683*life 0.0134042211832*actual",-67.3517320149
154,"0.024616479964*(2008). 0.0219117911166*""john 0.0215687392989*manchester 0.0209602343424*guide 0.018776291897*slovenian 0.016245895739*manuscripts 0.0162458851004*owned 0.0162457360202*alternative 0.01371550103*witch 0.0134534357949*a.;",-67.3934579117
155,0.0510031472321*epic 0.0469649178189*colonial 0.0407964732332*empire 0.0231165881367*dutch 0.0194552682991*naples 0.0194552679681*dordrecht: 0.0157960152003*imprisoned 0.0157960150593*libri 0.0117577856541*virgil 0.0117577856541*indonesia.,-67.4387865315
156,0.104936210792*islam 0.0932639103634*ahmad 0.0889137127798*islamic 0.0575023247892*al 0.050361643498*sufi 0.0370565092251*ibn 0.0344939933585*ali 0.0318743113309*persian 0.0310168569218*fi 0.0238250940883*sufism,-67.869597936
157,0.0191135405747*version 0.0173046324804*series 0.016926512402*night 0.0158754144701*produced 0.012191376426*carolina 0.0111897294666*story 0.0106122179551*husband 0.0102971983545*inspired 0.0100525707876*stories 0.00968198149725*opera,-68.5170935714
158,0.0397212708778*polish 0.024429004344*five 0.0211961613242*poland 0.0171409061905*arms 0.015421328757*books. 0.0145231120295*(2006). 0.0133825068362*herman 0.0118485051554*1979 0.0107346059265*order 0.010520765006*europe,-68.6846003768
159,0.0205353294554*(help) 0.0168809373828*nazi 0.0166927525662*maria 0.0134712930363*requires 0.0131322723299*x 0.0125385360548*|url= 0.0120454317672*germany 0.00991532637135*wagner 0.00975838417608*city 0.00898256432687*|access-date=,-68.6883487176
160,"0.0420189284926*rome 0.0287276432017*bc, 0.0235634551564*bc 0.018091309069*religions 0.016573701556*buddhism 0.0158360210847*plutarch, 0.0138221241249*schools 0.0131574209666*rome. 0.013157400234*caesar's 0.0131343168608*caesar",-68.7057681753
161,"0.0881142883793*political 0.0858104103063*politics 0.0534383962667*historical 0.0394175530151*university 0.0363789526934*work 0.0340386058047*social 0.031249048598*theory 0.0284302918081*history 0.0283630850586*history, 0.0236787931913*anarchist",-68.7284687569
162,0.0286290972854*darul 0.0231025001742*carlos 0.0156288612469*reinhold 0.0132280721077*conversations 0.0131792125442*stanley 0.0130824501868*ahmad 0.0129753127707*uloom 0.0129753127086*courage 0.0129753124893*arrested 0.0129743108934*manuel,-68.8215533752
163,0.0520647809381*anthony 0.0439371220249*marriage 0.0325604228507*chancellor 0.0286459070894*timothy 0.0286459014394*prometheus 0.0286459007069*klaus 0.028645816479*alice 0.019260279*cat 0.00495078077506*baron 0.00495077795275*hepworth,-69.4048186036
164,"0.0660084763807*wilhelm 0.0307015584707*über 0.0155423412847*hegel, 0.0148622132387*romantic 0.0129132236764*war: 0.0127358770987*germany, 0.0126664877347*ritter, 0.0116782537014*article 0.0110600536155*napoleon 0.0102841061102*schelling's",-69.4275900231
165,0.0257002135744*elder 0.0155319230301*oratory 0.0154978110143*birmingham 0.00677398277354*richard 0.0055150982948*e. 0.00536362200565*encyclopedia 0.0053636219137*lipps 0.0053636219137*piccinini 0.00536362184373*rameau's 0.00536362184245*preliminary,-69.5288228415
166,0.192983974448*russian 0.102979029302*alexander 0.0963461812905*soviet 0.0676257004121*(in 0.0603879063193*russia 0.0396066436927*vladimir 0.0333222193591*moscow 0.0192816922073*basque 0.0183191822048*political 0.0111850949749*boris,-69.5325898418
167,"0.0333610419157*award 0.0223912649302*band 0.0221529543469*aid 0.0213473784513*black 0.0208204757859*philadelphia 0.0196136196416*(1977) 0.0182959562912*best 0.0177393133717*award, 0.0173125969988*fiction, 0.0173125932835*adventures",-69.5335034346
168,"0.183767371458*(with 0.0321604983285*hungarian 0.017926981307*co. 0.0142770700219*soc. 0.0142770699385*jasper 0.010627156786*marr 0.010627156786*hermann, 0.0106271563927*shield 0.0106271563653*days, 0.0106271563631*ramus",-69.6921126055
169,0.0515500379285*ian 0.0311216047268*meat 0.0285307212104*world. 0.0217997857651*jack 0.0209799306337*stewart 0.0209798610361*talk 0.0141060947199*hugo 0.0141060006541*spontaneous 0.0108382481669*primordial 0.010499820524*(spring,-69.9348250788
170,0.0459819208285*enlightenment 0.0254205045105*civilization 0.0253736143789*tahir 0.0235172096066*place 0.0229608585721*dialogue 0.0227093923035*baron 0.0171050500954*durant 0.017105030814*denis 0.0171031819322*voltaire 0.0166915634903*board,-70.0104521097
171,"0.0296263691316*thesis 0.0296261711613*atheism 0.023471801145*crime 0.0232875979761*mystery 0.0231531018918*école 0.0197571094256*equation 0.0163611162856*craig 0.0163611125404*(la 0.0132838284368*pocock, 0.00988783597345*confederation",-70.0151580022
172,"0.0440469226795*vienna 0.0305546278935*circle 0.0258394294777*topics 0.0224976269708*beauty 0.0212456591918*external 0.0193498880629*philipp 0.0167421918631*dr 0.0138644242323*1996. 0.0138644146479*vienna, 0.0138145200967*ethical",-70.1559978806
173,"0.0280772869414*women 0.0224543337234*face 0.0206484036933*female 0.0203340013596*memoirs 0.0184206358494*fine 0.0176219380715*2000. 0.017370988088*named 0.0143955515108*publishing, 0.0138534318263*woman 0.0135701386115*centre",-70.4008531605
174,0.142810204453*el 0.107378369335*de 0.100742004231*en 0.0725343396722*del 0.0389111847635*miguel 0.0289530451566*los 0.026029705402*que 0.0234619952625*las 0.0131447223449*por 0.0112749959797*international,-70.7424780093
175,"0.0466221793794*energy 0.0333901295416*pakistani 0.0328107844401*line 0.0296566187199*khan 0.0238406610823*conservatism 0.017938153024*28, 0.0168588163529*27, 0.0154497023429*white, 0.0152446941654*atomic 0.0128862648989*attended",-70.8480349149
176,"0.0236667452965*martin 0.0163469689047*next 0.0162564919656*assassination 0.013815936961*2004, 0.0132925157284*expressed 0.0122059729059*african 0.0114414634688*luther 0.0109779710816*king, 0.0103669891381*race 0.0102828719039*hugh",-71.2449128135
177,"0.0346012674572*1999 0.0292153208385*routledge, 0.0243268685369*count 0.0218000484539*eds. 0.0205787743231*prison 0.0187247672707*urban 0.0184930549745*aristotle, 0.0157486987183*aryan 0.013696114461*stanford 0.0132947784723*arrested",-71.7681615542
178,0.117694157701*italian 0.101162859435*e 0.0848366242461*di 0.0449343766968*il 0.0401455621473*del 0.0389734316867*de 0.0203566043797*political 0.0190694197569*giovanni 0.0187141484575*da 0.0173262869185*giuseppe,-72.0420948574
179,0.0468326740943*issn 0.0318800916618*liberation 0.0239623961251*international 0.0228651179565*bangladesh 0.019777768328*fellow 0.0195692104836*court 0.0171059468545*sentenced 0.0162257340566*leader 0.0153699976677*charges 0.0150194155397*crimes,-72.8508137761
180,"0.0279145445379*stuart 0.0235554574994*near 0.0209516532994*mill 0.0189814283517*seyyed 0.018981428247*nasr, 0.0186148053898*first 0.015718767195*puzzle 0.015718767195*sam 0.0149344190857*suny 0.0138332489119*sons",-73.0817230764
181,0.0424540604394*epistemology 0.0322348567561*category 0.0218298488066*cohen 0.021597539741*ordinary 0.0211911650505*gilbert 0.0184681384097*university 0.0179364622927*political 0.0172471380204*distinction 0.0168785387528*santa 0.0165254890134*selected,-73.1049977489
182,0.0918768388579*japanese 0.0517515703946*o 0.0354090493525*kyoto 0.0260741237345*ontology 0.022056020643*school 0.0209075983915*athens 0.0172415182747*western 0.0143889002155*no 0.0130297114953*nothingness 0.0110244688516*absolute,-73.111780588
183,0.154201939245*science 0.0788416192608*scientific 0.0644987504303*philosophy 0.0341854190952*university 0.0319501072972*theory 0.0301872165145*history 0.0235726882394*john 0.0193696697491*jews 0.0164904081151*work 0.0131231085658*israel,-73.741917192
184,0.0301798795767*practice 0.0260968251132*equal 0.0246512622777*smith 0.0240033842803*strike 0.0213207130324*barbara 0.0198746342186*points 0.0176238722142*interests 0.0157365262947*equality 0.0132539039914*holmes 0.0109757307121*miletus,-73.8968539496
185,0.0559007777466*norman 0.0430908909088*buddhist 0.0408490174775*evangelical 0.0312811535211*truth 0.0297782762006*school 0.0294761859175*temple 0.0269622588228*buddha 0.0208846500465*systematic 0.0199417517421*buddhism 0.0178612258968*chinese,-73.9586272933
186,0.0303453713899*design 0.0258625821698*institute 0.0253472071436*generation 0.0227405222006*building 0.0180164082367*built 0.0177628304356*otto 0.0154097282434*picture 0.0151650958713*patent 0.0151650901016*fuller 0.0151650781581*lloyd,-74.4493471496
187,"0.020721054824*jay 0.017115310041*judicial 0.0164178169865*complex 0.0161435456674*family 0.015056172232*puf, 0.012653133422*theodore 0.0113104404781*behavioral 0.00939123604329*sade 0.00762488137174*regiment 0.00762488108575*sr.",-74.5684676267
188,0.0605890965934*spanish 0.0397823541107*josé 0.0380603134223*los 0.025794070418*juan 0.0207996416674*san 0.0180456343154*blue 0.0167056637162*gallery 0.0148831803242*angeles 0.0148566505984*museum 0.0133900056912*paintings,-74.8572208975
189,"0.0283462212537*4, 0.021857577642*emmanuel 0.0190317948752*semiotics 0.0168196663382*interview 0.0167646086074*reviews 0.014009059543*(april 0.0124777723239*italy 0.0113014823375*1972 0.0112393845608*critics 0.0106193427968*16,",-74.9337102178
190,"0.0860351934761*african 0.0725855698689*critical 0.0593623239204*black 0.059160862374*v. 0.0398877797209*mark 0.0328816010299*19, 0.0239503875657*white 0.0129309599655*21, 0.0121091990616*algerian 0.0093575893911*world",-74.9673719301
191,"0.0719861987842*women 0.0572219881627*women's 0.0333472748509*psychoanalysis 0.0313288944031*psychoanalytic 0.0290187312079*poems, 0.0215949452035*rashid 0.017138388286*freud 0.010808685612*socratic 0.0108076166761*briefe 0.0101925485191*also",-74.9772402496
192,"0.0253608265595*india, 0.0189005263106*faculty 0.0165463446013*laërtius, 0.0164747160835*university. 0.0155719166058*institute 0.0146234747403*india 0.0141776177324*discourses 0.0140251028776*democritus 0.011465374321*encyclopedia 0.011079848771*institute,",-75.3564646807
193,0.0379090708753*gary 0.0370805108539*presbyterian 0.0346496590942*éditions 0.0316946375014*game 0.0296000631814*princeton 0.0287748104663*becoming 0.0222181679482*jonathan 0.0214521801547*l. 0.0198431237514*rules 0.0195130004187*children,-75.4051797455
194,"0.0182508140536*ten 0.0157391594743*adolf 0.0152221990052*antonio 0.0139398532667*(pdf), 0.0128473016237*(in 0.011078733689*approach 0.00980151161306*want 0.00942714711762*also 0.00889623060502*• 0.00869493615438*ab",-75.6220298543
195,0.0337311041014*f 0.0272125201303*e 0.0180299328786*g 0.0176877147123*h 0.0173127124126*steven 0.015777683736*poor 0.0143267889176*douglas 0.0142559986473*coming 0.0127503291159*c 0.0115961889033*understood,-75.8914881705
196,"0.0310739981314*hegel 0.0271479701262*principle 0.0222210505229*politics, 0.0195026366706*strauss 0.0186951553321*vol 0.0158075497433*hegel's 0.0154879769668*special 0.0130892729111*netherlands 0.0130892728312*strauss, 0.0130313791518*leo",-75.966488808
197,"0.0526996398599*language 0.0409291506435*linguistic 0.0359160805207*selection 0.0297902031362*grammar 0.0280159597902*evolution 0.0278526879048*darwin 0.0275415993777*language, 0.024054543359*evolutionary 0.0211866101656*communication 0.018686100522*origin",-76.0148867738
198,"0.0512009915003*violence 0.0271445980889*fire 0.0235724718575*university, 0.0192345651363*khan 0.018570975949*jinnah 0.0154487604167*telegraph 0.0150958242487*confucian 0.0123033768452*asian 0.0122492292083*han 0.0120772615262*iqbal",-76.0978430994
199,0.0655104904448*why 0.0404086319141*policy 0.0358817753227*2006 0.0237897599562*romantic 0.0227127758582*march 0.0201045960495*states 0.0182699686803*power 0.0176724402178*nuclear 0.0174921693988*security 0.0139997957757*scotland,-76.2395015832
200,0.030358618167*norwegian 0.0272684842934*lccn 0.0271327582709*green 0.0242517298273*lecture 0.0198813142865*wilson 0.0182337088997*nasr 0.0182272870767*anton 0.0182238278856*deep 0.0165751088169*issue 0.0150996274626*jacob,-76.3699659893
201,0.122925964746*(isbn 0.0360885754133*czech 0.016006920663*russia. 0.0155770886245*prague 0.0152871743657*moved 0.0130773298973*christopher 0.0121480321681*hans 0.0119147733696*radicalism 0.0119147733696*mahdi 0.00970094622983*letters,-76.578505054
202,"0.0577906059409*process 0.0434100437538*dan 0.0279331553414*christopher 0.0244401012148*mail 0.0193420809573*real 0.0159248715557*labour 0.014955124803*(2011), 0.0144881473802*believes 0.0144881467863*sunday 0.00997915206795*hitchens",-77.1212723157
203,0.0277929629241*motion 0.0272714637489*written 0.0252035217799*earth 0.0233231466119*hazrat 0.0208496383456*canon 0.0187511759345*planetary 0.017305400683*astronomy 0.0139541144829*alias 0.011780564378*celestial 0.011554576427*works[edit],-77.2991900705
204,0.229766014408*she 0.204449606047*her 0.0709759108575*university 0.0397451977191*feminist 0.0253101718425*mary 0.0230684505359*education 0.0164035413038*political 0.0132035573582*margaret 0.0119743115639*retrieved 0.0118372556841*feminism,-77.6913626929
205,0.0174464815926*roger 0.0168086429485*imam 0.0143682940441*medicine 0.0142750013994*malik 0.0132556252135*medical 0.0103262355829*umar 0.0103262342192*lahore 0.00953492165194*guardian 0.00936394703875*encyclopaedia 0.00931320572756*body,-77.9940105034
206,"0.0293852044285*values 0.0224706469574*phenomenological 0.0219212047541*phenomenology 0.0211961200038*institute 0.0196295820901*academy 0.0190014491654*universe 0.0163659876262*essence 0.0150697414211*philosophy 0.0149832265599*higher 0.0146964703063*film,",-78.306258942
207,0.0831391262885*henri 0.0428467677524*routledge. 0.0277263511097*notion 0.0251224218706*words 0.0238580404918*contact 0.0214325785548*division 0.0160411168765*verb 0.0119402282423*minnesota 0.0119402278755*verbs 0.0101892504573*articles,-78.3916016812
208,0.046772264018*believe 0.0323289375179*oclc 0.0262109785769*teaching 0.0242277669646*suny 0.0202928315876*cross 0.019233701221*skeptical 0.0128751580983*concluded 0.0110351167109*mariology 0.0108816538566*teresa 0.0105752882003*research,-78.4750813103
209,0.0466297608746*pmid 0.0446175015722*medicine 0.0383103859636*medical 0.0281012428495*brain 0.025266298753*neuroscience 0.0234937859959*antonio 0.0197456848011*functions 0.016849476785*minnesota 0.0168494766416*cognition 0.0142250696056*pluralism,-78.4883423199
210,"0.0347190180233*publishing 0.0331620390164*london, 0.0156363192046*almost 0.0149459378385*letters 0.013655851556*tales 0.0136439837189*alchemy 0.0124790677939*poetry, 0.0123625004451*full 0.0120261991362*occult 0.0114932674816*york,",-78.5678893282
211,"0.0872140492722*literary 0.0562542412838*literature 0.0465634182542*criticism 0.0322313459431*literature, 0.0266330158839*english 0.0253589911585*japan 0.0235869893594*japanese 0.0199954127017*critical 0.0185183583918*buddhism 0.0183467917769*study",-78.8126010414
212,"0.017399617241*spring 0.0142002955453*perhaps 0.0130938239198*wang 0.00970456272889*new 0.00970112632848*chinese 0.00949469143913*barry 0.00943087145122*hong 0.0094154389942*propaganda 0.00890146783549*power, 0.00865564816506*universe",-79.1248896717
213,"0.0373064845576*§ 0.0335519885005*laërtius 0.0281101737545*i. 0.0274487818895*soul 0.0250092267636*also 0.0246489798915*de 0.0243785630119*roy 0.024234137838*1925, 0.0206337351567*resurrection 0.0202222948794*cicero,",-79.2006252639
214,"0.128129257207*london: 0.0514620001496*williams 0.029825447228*(ed.) 0.0272609303675*williams, 0.0263055287649*edition, 0.0218605310406*culture, 0.0174842423102*bibliography 0.0172435698643*minority 0.0123552224146*verso, 0.0123552224037*1989.",-79.8088762779
215,"0.0343295987659*susan 0.0311647464882*radical 0.0225136431174*anne 0.0199115288772*women 0.0175300982099*women's 0.015298174814*day 0.0138986610546*alexander 0.013658176584*pittsburgh 0.0136581736626*""mary 0.0123905496701*men",-80.1568419406
216,"0.0198445945037*spain 0.0178438111387*civil 0.0166029515197*universidad 0.015020047157*pp. 0.0140007199138*luis 0.0136681774577*revista 0.0118985731694*free-market 0.0103685047721*university, 0.010294867276*norbert 0.0100604383829*von",-80.6767845603
217,0.0474436601513*eugene 0.0309805642998*speech 0.0293693543696*rhetorical 0.0174284877366*rhetoric 0.00610279898563*students 0.00610279693092*become 0.0061027968525*dawud's 0.0061027968525*barton 0.0061027968525*isocrates' 0.0061027968525*share,-81.3724444301
218,0.0273918381668*language 0.0268619069708*directed 0.0220280047219*theatre 0.0185527938827*amin 0.0160679134213*بن 0.0156866668476*stage 0.0135683163337*ayatollah 0.0135655243207*shakespeare 0.0134558457317*reason 0.013330803521*issues,-81.8214590451
219,"0.0781179583794*maulana 0.0241433530618*authority 0.0236737603999*toronto 0.023141064062*tree 0.0228297680025*oral 0.019754013283*baker 0.0196041988736*records 0.0166772173542*cathedral 0.0166772169787*mentions 0.0166772166706*(paris,",-82.3525747242
220,"0.0432167706723*rose 0.0273635931225*engineering 0.022946407213*retrieved 0.0207776788466*harold 0.0175531421369*parties 0.0125791723649*elections 0.0118372490772*hartman 0.0118372486567*doctorate, 0.011837248628*boolean 0.0118372485856*digital",-83.1654970503
221,0.0478453898579*müller 0.0199291942454*max 0.011841407735*isis 0.00638111376994*first 0.00622830350442*five 0.00622829996362*(the 0.00622829978445*yin 0.00622829978445*cheng 0.00622829978445*zhou 0.00622829978445*dunyi,-83.4298284173
222,0.265498984169*moral 0.18634165415*ethics 0.128409647577*philosophy 0.075901299862*university 0.0155428502213*political 0.0102581822108*recordings 0.00268711088047*modern 0.0024377885248*business 0.00229767771817*became 0.00227246122193*walter,-83.6533730712
223,"0.0724399649527*technology 0.0708149959743*d. 0.0644073341184*ethical 0.0514143221895*gurdjieff 0.0307250235339*books, 0.0252142329307*published 0.0236331786451*information 0.0192612395992*our 0.0184342216228*fourth 0.0176755586215*search",-84.5722721172
224,0.0323847137227*character 0.0191150367757*letters 0.0176090648847*letter 0.0169792340265*seems 0.0149584556935*volumes 0.0149032776265*plato's 0.0148928218087*thomas 0.014284623253*platonic 0.0132067172255*plato 0.0131037654676*correspondence,-84.631567276
225,"0.0765858936267*ny: 0.0679566412178*york, 0.0341954889153*jorge 0.0248133733204*gestalt 0.0137093116572*new 0.0101990880182*tadeusz 0.0101990480766*perls 0.0101990287123*laura 0.00972181283537*adapted 0.00972181281809*serious",-85.2340915123
226,"0.0601919512968*. 0.0573601315378*house, 0.0335119936701*mathematics, 0.0292661372028*(london: 0.0272591393828*symbols 0.0234446774982*(new 0.019703673521*edited 0.0166297030266*étienne 0.0166297005931*random 0.0139628803983*,",-86.415768774
227,"0.114268208709*art 0.0626138164676*am 0.0309827306499*magazine 0.0263920622966*images 0.020227814435*youtube. 0.020227805462*germany 0.0186755713505*5, 0.0167509173927*sculpture 0.0163197321556*head 0.0101377430567*gallery",-86.5397700831
228,0.226154303406*du 0.191819257818*trans. 0.0342964163719*- 0.0305125231975*published 0.0280689951691*(paris: 0.0167935326962*dreyfus 0.015925075267*émile 0.00840465636396*individuation 0.00782576506094*& 0.00465414748556*theory,-86.7086922588
229,0.013670979775*external 0.0123489489042*university 0.0117647277304*w 0.0111735787205*something 0.00965641254293*means 0.00946766462175*mufti 0.00913543592344*real 0.00852520605207*inner 0.00791396999299*true 0.00761251856805*white,-86.7267915501
230,0.104429026933*rudolf 0.0652391162801*k. 0.0335937180406*german 0.0264711931331*berlin 0.0215268188058*london 0.0149181079198*later 0.0143247939621*al-atassi 0.014324792477*al-azm 0.0117026021275*december 0.00481372383373*former,-87.1565645072
231,"0.195404998412*law 0.173516417796*legal 0.0417863246197*justice 0.0253442518825*political 0.0222190510983*ed., 0.0147610077639*symbolic 0.0145353407709*significant 0.0113842021741*theory 0.01099131385*indiana 0.00913229794414*state",-87.3482723383
232,0.110328076436*logic 0.0323133144879*stephen 0.0313269030234*philosophy 0.0212889802947*science 0.0204248504185*paul 0.0170807411918*argument 0.0164083087832*university 0.01611255674*mentioned 0.0161125563432*feast 0.0157878074357*robert,-88.0225717901
233,"0.0466805979181*theory, 0.0372420492564*comparative 0.0371120073769*edited 0.0364506883494*indian 0.0303125586979*pages 0.030000632572*hindu 0.0232157587852*texts 0.0205402632065*yoga 0.0205117339099*sutras 0.0202685859161*press)",-89.3524210316
234,"0.028088934815*east 0.0266662660104*physics, 0.020530629924*abdul 0.0162260599748*scholar 0.0160993417421*experimental 0.0154004619106*quantum 0.0137656624698*interest 0.0133407009097*java 0.013340700884*prof. 0.013340700743*manhattan",-89.8677377167
235,"0.0958666203771*editions 0.0594778092626*imam 0.0185585843984*minhaj 0.018315980259*en 0.0144752109694*jean 0.0143020638349*translated 0.0138141075444*pedro 0.0138141072036*hobhouse 0.0138141069013*loïc 0.0138141068967*wacquant,",-90.2527786772
236,"0.0316282898091*spiritual 0.0264846679139*value 0.0210384859827*common 0.018007469804*1913 0.0155806828619*wiley 0.0153247523555*contract 0.0133197293037*know 0.0129025676941*cicero 0.0129025675316*translation, 0.0129025674263*accumulation",-91.4614273741
237,"0.0211737196903*intelligence 0.0201880743942*history 0.0200019248572*artificial 0.0177582036155*hoover 0.0177582034119*lutheran 0.0155785285332*book 0.0153650114014*atheist 0.0129718186858*bce 0.0129718178691*who's 0.0129718176598*christianity,",-91.7089214548
238,0.0671413397402*chicago 0.0373102948649*korean 0.0225957748276*choice 0.022410862378*dream 0.0154283251041*political 0.0114224942584*retrieved 0.0112966122439*standards 0.007780895125*ayn 0.00778088565897*journal. 0.00778087664972*2013-09-18.,-92.7030710112
239,"0.125519768246*professor 0.0506930308017*open 0.0442251246636*said, 0.0339416410089*text 0.0279933997458*growth 0.0213151344339*theory 0.0197138699558*quantum 0.0187489403948*systems 0.017657536821*know 0.0155102949059*you",-92.7085362386
240,"0.214432746127*philosophical 0.0915577643778*philosophy 0.0484906225188*ludwig 0.0484854784274*university 0.0474913107674*yale 0.0416888753073*richard 0.04015880405*wittgenstein 0.0153361092769*wittgenstein, 0.0122783157079*language 0.0115567335603*nature",-93.5728540483
241,0.174233391327*chinese 0.0567438247371*school 0.05298005524*shaykh 0.0360139982051*confucianism 0.0176733859623*gilles 0.0143492794971*ananda 0.0143492790416*government's 0.0110251730646*halle 0.00933706173599*official 0.00735679465956*palestinian,-94.7780920965
242,0.0315123429703*bible 0.0199837059646*biblical 0.0189311377141*needed] 0.0167444939459*south 0.0151250281516*india 0.0140562750309*church 0.0114632488366*executive 0.0108712219149*reformation 0.0100527792228*india. 0.00949130474497*2006).,-95.4944531301
243,0.0678384140453*independent 0.0587673892263*biography 0.0528351227843*media 0.0488523934511*radio 0.0376213522775*alain 0.029766587522*saudi 0.0272425635472*dr. 0.0217005475749*bin 0.0143804624532*enlightenment 0.0143804313311*goodman,-95.9583783061
244,"0.0451637928131*science, 0.0357683616068*translated 0.0353481499362*albert 0.0305332316989*sciences 0.0299298845998*natural 0.0280600407262*aristotle's 0.0270358344812*aristotle 0.022440029782*justification 0.0207429600189*hermeneutics 0.017769464457*edited",-96.6769349573
245,"0.019317221859*ibn 0.0190889150701*medieval 0.0180038587843*bernard 0.0177412126752*ages 0.0172277240435*late 0.0127019521316*franciscan 0.0112788162561*routledge, 0.0112457254481*paradox 0.0109015336089*j. 0.00978997017995*rapids:",-97.0088851504
246,"0.277344173503*university 0.27411056528*philosophy 0.136123196614*press, 0.06041194454*new 0.0472399809073*· 0.0254263585209*michael 0.0230242692176*cambridge 0.0104881819049*cambridge: 0.00658983652193*american 0.00604176330526*swiss",-98.6723631355
247,0.0289997341866*poetic 0.0229330375697*poets 0.0193864328257*letters 0.0179794625681*library 0.0174808826521*west 0.0169596260502*accessed 0.0168154229019*faber 0.0147084859393*company. 0.0147083933386*owen 0.0127535752526*conquest,-99.330263017
248,"0.0315268238618*della 0.0286799709376*ed. 0.026737190063*- 0.0215400778584*brian 0.0190657689445*press: 0.0167227467178*analytic 0.0155002396311*filosofia 0.0150775464994*oxford, 0.0149963718863*(2000). 0.0143645554334*anglican",-106.797095403
249,0.105381689044*ibn 0.0671855117836*article 0.0582269598265*arabic 0.0483146466957*pg. 0.0406221072483*andré 0.0176758647489*kitāb 0.0153642799705*(french) 0.0148487752484*2007 0.0110560844998*ch. 0.0101662857209*tafsir,-113.192100195
